Date,Open,High,Low,Close,Adj Close,Volume
22/10/2018,69.410004,69.650002,68.269997,69.169998,69.169998,513770
23/10/2018,69.550003,69.660004,65.739998,66.43,66.43,853265
24/10/2018,66.169998,67.720001,66.050003,66.82,66.82,775963
25/10/2018,66.360001,67.650002,65.989998,67.330002,67.330002,573096
26/10/2018,66.949997,67.879997,66.199997,67.589996,67.589996,595211
29/10/2018,67.550003,67.949997,66.290001,67.040001,67.040001,477487
30/10/2018,66.68,67.260002,65.330002,66.18,66.18,680441
31/10/2018,66.32,67,64.809998,65.309998,65.309998,666487
01/11/2018,64.879997,65.389999,63.110001,63.689999,63.689999,790286
02/11/2018,63.5,63.950001,62.630001,63.139999,63.139999,708906
05/11/2018,62.990002,64.139999,62.52,63.099998,63.099998,609129
06/11/2018,62.700001,63.32,61.310001,62.209999,62.209999,761240
07/11/2018,61.740002,63.18,61.200001,61.669998,61.669998,866628
08/11/2018,61.639999,62.419998,60.400002,60.669998,60.669998,764546
09/11/2018,60.75,60.790001,59.259998,60.189999,60.189999,821729
12/11/2018,60.700001,61.279999,58.68,59.93,59.93,806219
13/11/2018,58.880001,59.349998,54.75,55.689999,55.689999,1095643
14/11/2018,55.27,57.369999,55.130001,56.25,56.25,844696
15/11/2018,56.02,57.259998,55.59,56.459999,56.459999,256499
16/11/2018,56.580002,57.959999,55.889999,56.459999,56.459999,159001
19/11/2018,56.720001,57.330002,55.080002,56.759998,56.759998,699684
20/11/2018,57.389999,57.439999,52.77,53.43,53.43,983120
21/11/2018,53.389999,55.860001,53.389999,54.630001,54.630001,734277
23/11/2018,53.869999,54.119999,50.150002,50.419998,50.419998,1014667
26/11/2018,50.619999,52.25,50.099998,51.630001,51.630001,663108
27/11/2018,51.540001,52.380001,50.299999,51.560001,51.560001,764010
28/11/2018,52.09,52.560001,50.060001,50.290001,50.290001,831688
29/11/2018,50.310001,52.200001,49.41,51.450001,51.450001,812721
30/11/2018,51.27,51.790001,49.650002,50.93,50.93,796714
03/12/2018,52.450001,53.849998,52.029999,52.950001,52.950001,758010
04/12/2018,53.130001,54.549999,52.43,53.25,53.25,738130
06/12/2018,52.93,53.299999,50.080002,51.490002,51.490002,987266
07/12/2018,51.759998,54.220001,50.599998,52.610001,52.610001,987717
10/12/2018,52.029999,52.810001,50.529999,51,51,733225
11/12/2018,50.889999,52.43,50.700001,51.650002,51.650002,665262
12/12/2018,51.950001,52.880001,50.939999,51.150002,51.150002,730810
13/12/2018,51.200001,53.27,50.349998,52.580002,52.580002,733627
14/12/2018,52.830002,52.950001,50.84,51.200001,51.200001,526839
17/12/2018,51.25,51.869999,49.009998,49.880001,49.880001,211257
18/12/2018,49.16,49.59,45.790001,46.240002,46.240002,120101
19/12/2018,45.93,48,45.93,47.200001,47.200001,817721
20/12/2018,47.389999,47.509998,45.669998,45.880001,45.880001,794130
21/12/2018,46.25,46.77,45.130001,45.59,45.59,694003
24/12/2018,45.450001,46.240002,42.360001,42.529999,42.529999,415859
26/12/2018,42.849998,47,42.52,46.220001,46.220001,698408
27/12/2018,46.580002,46.700001,44.369999,44.610001,44.610001,665590
28/12/2018,45.439999,46.220001,44.419998,45.330002,45.330002,564385
31/12/2018,45.220001,46.529999,44.73,45.41,45.41,476970
02/01/2019,45.799999,47.779999,44.349998,46.540001,46.540001,850480
03/01/2019,46.259998,47.490002,45.349998,47.09,47.09,788718
04/01/2019,46.900002,49.220001,46.650002,47.959999,47.959999,817277
07/01/2019,48.299999,49.790001,48.110001,48.52,48.52,819939
08/01/2019,48.73,49.950001,48.310001,49.779999,49.779999,765981
09/01/2019,49.799999,52.580002,49.709999,52.360001,52.360001,891922
10/01/2019,52.18,52.779999,51.369999,52.59,52.59,821782
11/01/2019,52.279999,53.310001,51.18,51.59,51.59,812339
14/01/2019,51.73,52.110001,50.380001,50.509998,50.509998,791527
15/01/2019,50.779999,52.299999,50.639999,52.110001,52.110001,664183
16/01/2019,52,52.52,51.259998,52.310001,52.310001,694182
17/01/2019,52.299999,52.580002,50.98,52.07,52.07,288560
18/01/2019,52.23,53.919998,52.09,53.799999,53.799999,193099
22/01/2019,53.73,54.240002,51.799999,52.57,52.57,951158
23/01/2019,52.950001,53.639999,51.860001,52.619999,52.619999,702866
24/01/2019,52.450001,53.470001,52.07,53.130001,53.130001,714415
25/01/2019,53.169998,53.939999,52.91,53.689999,53.689999,593385
28/01/2019,53.560001,53.639999,51.330002,51.990002,51.990002,650667
29/01/2019,52.119999,53.93,51.84,53.310001,53.310001,660527
30/01/2019,53.240002,54.93,53.09,54.23,54.23,731312
31/01/2019,54.279999,55.369999,53.619999,53.790001,53.790001,718650
01/02/2019,54.009998,55.66,53.369999,55.259998,55.259998,689566
04/02/2019,55.32,55.75,53.290001,54.560001,54.560001,622472
05/02/2019,54.860001,55.209999,53.470001,53.66,53.66,609756
06/02/2019,53.73,54.299999,52.860001,54.009998,54.009998,606720
07/02/2019,53.939999,54.209999,51.799999,52.639999,52.639999,749010
08/02/2019,52.59,52.990002,52.080002,52.720001,52.720001,621003
11/02/2019,52.66,52.779999,51.23,52.41,52.41,750242
12/02/2019,52.470001,54.049999,52.290001,53.099998,53.099998,708312
13/02/2019,53.349998,54.599998,53.27,53.900002,53.900002,706552
14/02/2019,53.959999,54.68,53.080002,54.41,54.41,623546
15/02/2019,54.48,55.869999,54.240002,55.59,55.59,276907
19/02/2019,55.779999,56.330002,55.290001,56.09,56.09,153728
20/02/2019,55.939999,57.549999,55.48,56.919998,56.919998,685111
21/02/2019,57.240002,57.610001,56.639999,56.959999,56.959999,546202
22/02/2019,56.84,57.810001,56.709999,57.259998,57.259998,513439
25/02/2019,57.169998,57.529999,55.080002,55.48,55.48,723012
26/02/2019,55.459999,56.080002,55.02,55.5,55.5,538919
27/02/2019,55.950001,57.389999,55.720001,56.939999,56.939999,577227
28/02/2019,57,57.43,56.43,57.220001,57.220001,496678
01/03/2019,57.220001,57.880001,55.57,55.799999,55.799999,684186
04/03/2019,55.830002,57,55.810001,56.59,56.59,549396
05/03/2019,56.450001,57.189999,56.09,56.560001,56.560001,538399
06/03/2019,56.279999,56.400002,55.419998,56.220001,56.220001,637677
07/03/2019,56.200001,56.990002,56.080002,56.66,56.66,628824
08/03/2019,56.43,56.509998,54.52,56.07,56.07,747358
11/03/2019,56.07,57.009998,55.959999,56.790001,56.790001,597156
12/03/2019,56.759998,57.549999,56.740002,56.869999,56.869999,652798
13/03/2019,57.09,58.48,57.009998,58.259998,58.259998,610616
14/03/2019,58.349998,58.740002,58,58.610001,58.610001,567604
15/03/2019,58.509998,58.950001,57.740002,58.52,58.52,507393
18/03/2019,58.450001,59.23,58.049999,59.09,59.09,157241
19/03/2019,59.009998,59.57,58.619999,59.029999,59.029999,114822
20/03/2019,59.02,60.119999,58.389999,59.830002,59.830002,786342
21/03/2019,59.990002,60.389999,59.66,59.98,59.98,655380
22/03/2019,59.869999,60.07,58.279999,59.040001,59.040001,738840
25/03/2019,58.98,59.349998,58.169998,58.82,58.82,705399
26/03/2019,59.119999,60.380001,59.040001,59.939999,59.939999,685988
27/03/2019,60.029999,60.220001,58.810001,59.41,59.41,732150
28/03/2019,59.400002,59.560001,58.200001,59.299999,59.299999,712209
29/03/2019,59.529999,60.73,59.41,60.139999,60.139999,705559
01/04/2019,60.240002,61.799999,60.130001,61.59,61.59,670808
02/04/2019,61.810001,62.75,61.599998,62.580002,62.580002,793227
03/04/2019,62.639999,62.990002,62.049999,62.459999,62.459999,799672
04/04/2019,62.5,62.77,61.889999,62.099998,62.099998,684973
05/04/2019,62.18,63.34,61.82,63.080002,63.080002,686862
08/04/2019,63.330002,64.480003,63.130001,64.400002,64.400002,895767
09/04/2019,64.400002,64.790001,63.68,63.98,63.98,790677
10/04/2019,64.220001,64.699997,64.050003,64.610001,64.610001,722216
11/04/2019,64.480003,64.489998,63.310001,63.580002,63.580002,760504
12/04/2019,63.709999,64.650002,63.66,63.889999,63.889999,625588
15/04/2019,63.759998,63.84,63.029999,63.400002,63.400002,555858
16/04/2019,63.57,64.370003,62.990002,64.050003,64.050003,547469
17/04/2019,64.32,64.610001,63.66,63.759998,63.759998,235376
18/04/2019,63.75,64.160004,63.459999,64,64,148238
22/04/2019,64,65.919998,64,65.699997,65.699997,763527
23/04/2019,65.75,66.599998,65.580002,66.300003,66.300003,700598
24/04/2019,66.169998,66.43,65.660004,65.889999,65.889999,678386
25/04/2019,65.809998,66.279999,64.900002,65.209999,65.209999,603001
26/04/2019,65.129997,65.18,62.279999,63.299999,63.299999,1000836
29/04/2019,62.950001,63.689999,62.459999,63.5,63.5,654076
30/04/2019,63.580002,64.75,63.299999,63.91,63.91,750494
01/05/2019,63.400002,63.93,62.77,63.599998,63.599998,676872
02/05/2019,63.610001,63.68,60.950001,61.810001,61.810001,914661
03/05/2019,61.549999,62.52,61.299999,61.939999,61.939999,646866
06/05/2019,61.43,62.950001,60.040001,62.25,62.25,768810
07/05/2019,62.169998,62.490002,60.66,61.400002,61.400002,842810
08/05/2019,61.439999,62.369999,61.07,62.119999,62.119999,791769
09/05/2019,62.02,62.209999,60.919998,61.700001,61.700001,769583
10/05/2019,61.639999,62.490002,61.419998,61.66,61.66,786494
13/05/2019,61.650002,63.330002,60.639999,61.040001,61.040001,1003106
14/05/2019,60.860001,62.110001,60.689999,61.779999,61.779999,751668
15/05/2019,61.369999,62.34,60.849998,62.02,62.02,723001
16/05/2019,62.119999,63.48,62.080002,62.869999,62.869999,545679
17/05/2019,63.119999,63.639999,62.52,62.759998,62.759998,215802
20/05/2019,63.529999,63.810001,62.450001,63.099998,63.099998,131888
21/05/2019,63.279999,63.599998,62.75,62.990002,62.990002,641680
22/05/2019,62.639999,62.779999,61.029999,61.419998,61.419998,766728
23/05/2019,61.27,61.290001,57.330002,57.91,57.91,1108052
24/05/2019,58.209999,59.099998,57.5,58.630001,58.630001,758099
28/05/2019,58.939999,59.57,58.130001,59.139999,59.139999,1020323
29/05/2019,59.07,59.139999,56.880001,58.810001,58.810001,1124959
30/05/2019,59.119999,59.700001,56.330002,56.59,56.59,842281
31/05/2019,56.459999,56.610001,53.049999,53.5,53.5,1031488
03/06/2019,53.419998,54.630001,52.110001,53.25,53.25,984308
04/06/2019,52.889999,53.779999,52.43,53.48,53.48,831625
05/06/2019,52.860001,53.41,50.599998,51.68,51.68,943186
06/06/2019,51.66,53.299999,51.169998,52.59,52.59,790067
07/06/2019,53.099998,54.32,52.619999,53.990002,53.990002,828133
10/06/2019,54.240002,54.84,53.049999,53.259998,53.259998,687146
11/06/2019,53.43,54.040001,52.91,53.27,53.27,642940
12/06/2019,53.040001,53.049999,50.720001,51.139999,51.139999,786105
13/06/2019,51.07,53.450001,50.919998,52.279999,52.279999,945024
14/06/2019,52.18,52.98,51.700001,52.509998,52.509998,574229
17/06/2019,52.5,52.740002,51.580002,51.93,51.93,397868
18/06/2019,51.950001,54.310001,51.5,53.900002,53.900002,181640
19/06/2019,54.09,54.419998,53.279999,53.759998,53.759998,122838
20/06/2019,54.119999,57.02,54.110001,56.650002,56.650002,854514
21/06/2019,57.259998,57.98,56.66,57.43,57.43,676047
24/06/2019,57.720001,58.220001,56.75,57.900002,57.900002,597164
25/06/2019,57.740002,58.84,57.200001,57.830002,57.830002,673140
26/06/2019,58.84,59.93,58.650002,59.380001,59.380001,686817
27/06/2019,59.27,59.73,58.610001,59.43,59.43,531405
28/06/2019,59.220001,59.799999,57.75,58.470001,58.470001,556101
01/07/2019,59.27,60.279999,58.34,59.09,59.09,674887
02/07/2019,59.139999,59.43,56.09,56.25,56.25,878938
03/07/2019,56.490002,57.48,56.040001,57.34,57.34,600131
05/07/2019,57.380001,57.82,56.290001,57.509998,57.509998,698015
08/07/2019,57.77,58.459999,57.299999,57.66,57.66,540861
09/07/2019,57.560001,59.099998,57.290001,57.830002,57.830002,551872
10/07/2019,58.400002,60.529999,58.349998,60.43,60.43,690656
11/07/2019,60.439999,60.939999,60.139999,60.200001,60.200001,573019
12/07/2019,60.459999,60.740002,59.93,60.209999,60.209999,469029
15/07/2019,60.25,60.919998,59.200001,59.580002,59.580002,566818
16/07/2019,59.259998,60.060001,57.07,57.619999,57.619999,712540
17/07/2019,57.52,58.360001,56.209999,56.779999,56.779999,504432
18/07/2019,56.599998,57.32,54.720001,55.299999,55.299999,215361
19/07/2019,55.720001,56.360001,54.990002,55.630001,55.630001,105217
22/07/2019,56.220001,56.84,55.720001,56.220001,56.220001,619483
23/07/2019,56.169998,57.470001,55.740002,56.77,56.77,521876
24/07/2019,57.23,57.639999,55.330002,55.880001,55.880001,745248
25/07/2019,55.900002,56.990002,55.810001,56.02,56.02,559282
26/07/2019,55.93,56.57,55.68,56.200001,56.200001,476785
29/07/2019,56.200001,57.099998,55.810001,56.869999,56.869999,529742
30/07/2019,57.07,58.470001,56.959999,58.049999,58.049999,547401
31/07/2019,58.34,58.82,57.810001,58.580002,58.580002,614001
01/08/2019,57.849998,57.990002,53.59,53.950001,53.950001,886748
02/08/2019,54.540001,56.049999,54.150002,55.66,55.66,739810
05/08/2019,55.380001,55.610001,54.220001,54.689999,54.689999,823844
06/08/2019,54.950001,55.419998,53.290001,53.630001,53.630001,682794
07/08/2019,53.419998,53.77,50.52,51.09,51.09,1063214
08/08/2019,52.330002,53.060001,51.939999,52.540001,52.540001,724762
09/08/2019,52.880001,54.919998,52.369999,54.5,54.5,726386
12/08/2019,54.32,55.18,53.540001,54.93,54.93,611027
13/08/2019,54.73,57.470001,54.209999,57.099998,57.099998,783486
14/08/2019,56.740002,56.849998,53.970001,55.23,55.23,718293
15/08/2019,54.900002,55.330002,53.77,54.470001,54.470001,527866
16/08/2019,54.740002,55.669998,54.259998,54.869999,54.869999,168345
19/08/2019,54.959999,56.41,54.84,56.209999,56.209999,113571
20/08/2019,56.099998,56.599998,55.279999,56.34,56.34,659258
21/08/2019,56.049999,57.130001,55.549999,55.68,55.68,704035
22/08/2019,55.939999,56.459999,54.849998,55.349998,55.349998,621573
23/08/2019,55.349998,55.599998,53.240002,54.169998,54.169998,807151
26/08/2019,53.25,55.259998,52.959999,53.639999,53.639999,679022
27/08/2019,53.759998,55.720001,53.689999,54.93,54.93,596624
28/08/2019,55.709999,56.75,55.34,55.779999,55.779999,674048
29/08/2019,55.880001,56.889999,55.43,56.709999,56.709999,630760
30/08/2019,56.630001,56.720001,54.549999,55.099998,55.099998,708268
03/09/2019,55,55.240002,52.84,53.939999,53.939999,970804
04/09/2019,53.919998,56.580002,53.84,56.259998,56.259998,682298
05/09/2019,55.950001,57.759998,55.75,56.299999,56.299999,712466
06/09/2019,56.189999,56.950001,54.830002,56.52,56.52,714294
09/09/2019,56.799999,58.16,56.580002,57.849998,57.849998,646993
10/09/2019,58.029999,58.759998,57.200001,57.400002,57.400002,755472
11/09/2019,57.889999,58.299999,55.610001,55.75,55.75,858772
12/09/2019,55.93,56.34,54,55.09,55.09,845977
13/09/2019,55.150002,55.68,54.439999,54.849998,54.849998,599470
16/09/2019,61.48,63.380001,58.77,62.900002,62.900002,1404916
17/09/2019,61.959999,62.59,58.459999,59.34,59.34,993237
18/09/2019,58.810001,59.43,57.669998,58.110001,58.110001,216961
19/09/2019,58.200001,59.540001,58.009998,58.130001,58.130001,112327
20/09/2019,58.650002,59.099998,57.790001,58.09,58.09,576019
23/09/2019,59.25,59.389999,57.369999,58.639999,58.639999,526785
24/09/2019,58.439999,58.490002,56.689999,57.290001,57.290001,591529
25/09/2019,56.700001,57.02,55.549999,56.490002,56.490002,563550
26/09/2019,56.689999,56.84,55.41,56.41,56.41,599653
27/09/2019,56.509998,56.759998,54.75,55.91,55.91,712966
30/09/2019,56.540001,56.57,53.98,54.07,54.07,532522
01/10/2019,54.279999,54.84,53.049999,53.619999,53.619999,589176
02/10/2019,54,54.419998,52.169998,52.639999,52.639999,590306
03/10/2019,52.470001,52.91,50.990002,52.450001,52.450001,642466
04/10/2019,52.290001,53.349998,52.040001,52.810001,52.810001,541104
07/10/2019,52.689999,54.060001,52.59,52.75,52.75,549019
08/10/2019,52.810001,53.27,51.810001,52.630001,52.630001,658324
09/10/2019,52.57,53.740002,52.310001,52.59,52.59,632666
10/10/2019,52.689999,53.970001,51.380001,53.549999,53.549999,613944
11/10/2019,53.880001,54.93,53.639999,54.700001,54.700001,467643
14/10/2019,54.900002,54.900002,52.77,53.59,53.59,467643
15/10/2019,53.509998,53.790001,52.389999,52.810001,52.810001,511249
16/10/2019,52.919998,53.740002,52.52,53.360001,53.360001,451643
17/10/2019,52.990002,54.16,52.619999,53.93,53.93,418422
18/10/2019,54.09,54.619999,53.349998,53.779999,53.779999,174477
21/10/2019,53.709999,54.029999,52.709999,53.310001,53.310001,95979
22/10/2019,53.389999,54.619999,53.099998,54.16,54.16,506573
23/10/2019,54.299999,56.07,53.619999,55.970001,55.970001,620202
24/10/2019,55.900002,56.509998,55.41,56.23,56.23,480764
25/10/2019,56.07,56.740002,55.599998,56.66,56.66,445020
28/10/2019,56.650002,56.919998,55.580002,55.810001,55.810001,437020
29/10/2019,55.799999,55.91,54.610001,55.540001,55.540001,521457
30/10/2019,55.529999,55.73,54.419998,55.060001,55.060001,659328
31/10/2019,54.900002,55.59,53.709999,54.18,54.18,677419
01/11/2019,54.150002,56.330002,54.07,56.200001,56.200001,538117
04/11/2019,56.41,57.43,55.830002,56.540001,56.540001,580350
05/11/2019,56.560001,57.5,56.299999,57.23,57.23,435319
06/11/2019,57.259998,57.849998,56.110001,56.349998,56.349998,623258
07/11/2019,56.349998,57.880001,56.27,57.150002,57.150002,678165
08/11/2019,57.080002,57.48,55.759998,57.240002,57.240002,636941
11/11/2019,57.400002,57.400002,56.25,56.860001,56.860001,498981
12/11/2019,56.889999,57.549999,56.540001,56.799999,56.799999,586568
13/11/2019,56.790001,57.529999,56.200001,57.119999,57.119999,547635
14/11/2019,57.389999,57.790001,56.630001,56.77,56.77,516832
15/11/2019,56.91,57.970001,56.43,57.720001,57.720001,375993
18/11/2019,57.880001,58.09,56.549999,57.049999,57.049999,159328
19/11/2019,56.900002,57.110001,55.040001,55.209999,55.209999,121214
20/11/2019,55.16,57.25,54.759998,57.110001,57.110001,674891
21/11/2019,57,58.669998,56.599998,58.580002,58.580002,593533
22/11/2019,58.310001,58.740002,57.5,57.77,57.77,508244
25/11/2019,57.919998,58.150002,57.209999,58.009998,58.009998,420642
26/11/2019,57.919998,58.560001,57.759998,58.41,58.41,443816
27/11/2019,58.27,58.68,57.509998,58.110001,58.110001,454256
29/11/2019,58.130001,58.299999,55.02,55.169998,55.169998,718724
02/12/2019,55.470001,56.669998,55.419998,55.959999,55.959999,616423
03/12/2019,55.959999,56.799999,55.349998,56.099998,56.099998,560554
04/12/2019,56.43,58.66,56.279999,58.43,58.43,760541
05/12/2019,58.360001,59.119999,58.099998,58.43,58.43,649461
06/12/2019,58.32,59.849998,57.700001,59.200001,59.200001,679609
09/12/2019,59.110001,59.25,58.23,59.02,59.02,511561
10/12/2019,58.919998,59.52,58.52,59.240002,59.240002,566822
11/12/2019,59.060001,59.220001,58.110001,58.759998,58.759998,589650
12/12/2019,58.880001,59.720001,58.75,59.18,59.18,530851
13/12/2019,59.360001,60.48,59.27,60.07,60.07,512288
16/12/2019,59.869999,60.34,59.709999,60.209999,60.209999,347395
17/12/2019,60.23,61.060001,60.029999,60.939999,60.939999,163744
18/12/2019,60.549999,61.18,60.32,60.93,60.93,131071
19/12/2019,60.860001,61.470001,60.790001,61.220001,61.220001,426341
20/12/2019,61.110001,61.200001,60.02,60.439999,60.439999,552517
23/12/2019,60.41,60.77,60.099998,60.52,60.52,314711
24/12/2019,60.630001,61.16,60.470001,61.110001,61.110001,204535
26/12/2019,61.200001,61.830002,61.060001,61.68,61.68,265091
27/12/2019,61.73,61.970001,61.240002,61.720001,61.720001,351899
30/12/2019,61.709999,62.34,61.09,61.68,61.68,427149
31/12/2019,61.68,61.880001,60.630001,61.060001,61.060001,494535
02/01/2020,61.599998,61.599998,60.639999,61.18,61.18,486873
03/01/2020,61.18,64.089996,61.130001,63.049999,63.049999,885861
06/01/2020,63.709999,64.720001,62.639999,63.27,63.27,724236
07/01/2020,62.91,63.150002,62.110001,62.700001,62.700001,582649
08/01/2020,62.84,65.650002,59.150002,59.610001,59.610001,1205710
09/01/2020,59.990002,60.310001,58.66,59.560001,59.560001,750933
10/01/2020,59.610001,59.779999,58.849998,59.040001,59.040001,596186
13/01/2020,59.040001,59.27,57.91,58.080002,58.080002,584002
14/01/2020,58.029999,58.720001,57.720001,58.23,58.23,507714
15/01/2020,58.200001,58.360001,57.360001,57.810001,57.810001,433169
16/01/2020,58.099998,58.869999,57.560001,58.52,58.52,182871
17/01/2020,58.59,58.98,58.27,58.540001,58.540001,122561
21/01/2020,59.169998,59.73,57.68,58.34,58.34,648335
22/01/2020,58.259998,58.380001,56.029999,56.740002,56.740002,620119
23/01/2020,56.110001,56.27,54.77,55.59,55.59,703995
24/01/2020,55.689999,55.950001,53.849998,54.189999,54.189999,586195
27/01/2020,53.700001,53.709999,52.130001,53.139999,53.139999,712880
28/01/2020,52.77,54.060001,52.68,53.48,53.48,633963
29/01/2020,53.970001,54.369999,52.810001,53.330002,53.330002,624979
30/01/2020,53.09,53.200001,51.66,52.139999,52.139999,720123
31/01/2020,52.919998,53.360001,50.970001,51.560001,51.560001,827907
03/02/2020,51.009998,51.970001,49.799999,50.110001,50.110001,876044
04/02/2020,49.939999,51.549999,49.310001,49.610001,49.610001,859357
05/02/2020,49.509998,51.880001,49.470001,50.75,50.75,887946
06/02/2020,51.169998,52.200001,50.240002,50.950001,50.950001,750659
07/02/2020,51.110001,51.48,50.09,50.32,50.32,768345
10/02/2020,50.119999,50.490002,49.419998,49.57,49.57,715894
11/02/2020,49.610001,50.689999,49.580002,49.939999,49.939999,725733
12/02/2020,49.959999,51.73,49.950001,51.169998,51.169998,795256
13/02/2020,51.720001,51.959999,50.599998,51.419998,51.419998,745400
14/02/2020,51.509998,52.34,51.32,52.049999,52.049999,607343
18/02/2020,52.23,52.41,50.880001,52.049999,52.049999,221774
19/02/2020,52.119999,53.66,51.93,53.290001,53.290001,113683
20/02/2020,53.5,54.5,53.220001,53.779999,53.779999,676179
21/02/2020,53.740002,53.860001,52.549999,53.380001,53.380001,707555
24/02/2020,52.599998,52.639999,50.450001,51.43,51.43,765515
25/02/2020,51.369999,52.02,49.689999,49.900002,49.900002,764989
26/02/2020,50.080002,50.439999,48.299999,48.73,48.73,884482
27/02/2020,48.630001,48.779999,45.880001,47.09,47.09,1011915
28/02/2020,46.490002,47.029999,43.849998,44.759998,44.759998,1101659
02/03/2020,43.700001,47.560001,43.32,46.75,46.75,949471
03/03/2020,47.720001,48.66,46.470001,47.18,47.18,1011933
04/03/2020,46.939999,48.41,46.650002,46.779999,46.779999,745856
05/03/2020,47.130001,47.57,45.650002,45.900002,45.900002,704591
06/03/2020,46.09,46.380001,41.049999,41.279999,41.279999,1276180
09/03/2020,32.869999,34.880001,27.34,31.129999,31.129999,1774383
10/03/2020,30.370001,35.02,30.200001,34.360001,34.360001,1064632
11/03/2020,34.619999,36.349998,32.560001,32.98,32.98,874646
12/03/2020,33.07,33.630001,30.02,31.5,31.5,1025036
13/03/2020,30.77,33.869999,30.33,31.73,31.73,743129
16/03/2020,33.75,33.75,28.1,28.700001,28.700001,698829
17/03/2020,28.690001,30.299999,26.629999,26.950001,26.950001,545820
18/03/2020,26.940001,27.219999,20.059999,20.370001,20.370001,309481
19/03/2020,22.299999,27.709999,21.360001,25.219999,25.219999,136722
20/03/2020,24.73,27.889999,19.459999,22.43,22.43,1133808
23/03/2020,22.52,24.07,20.799999,23.360001,23.360001,852951
24/03/2020,23.870001,25.16,23.09,24.01,24.01,659697
25/03/2020,24.370001,25.24,22.91,24.49,24.49,618725
26/03/2020,24.25,24.65,22.379999,22.6,22.6,633877
27/03/2020,23.290001,23.440001,20.879999,21.51,21.51,603124
30/03/2020,20.93,20.93,19.27,20.09,20.09,758711
31/03/2020,20.23,21.889999,20.01,20.48,20.48,660082
01/04/2020,20.1,21.549999,19.9,20.309999,20.309999,703286
02/04/2020,21.219999,27.389999,20.76,25.32,25.32,1095972
03/04/2020,24.809999,29.129999,23.52,28.34,28.34,1007577
06/04/2020,26.09,28.24,25.280001,26.08,26.08,752710
07/04/2020,26.34,27.24,23.540001,23.629999,23.629999,797707
08/04/2020,24.299999,26.450001,23.74,25.09,25.09,823554
09/04/2020,26.280001,28.360001,22.57,22.76,22.76,1122149
13/04/2020,24.6,24.74,22.030001,22.41,22.41,775120
14/04/2020,22.360001,23.08,19.950001,20.110001,20.110001,785478
15/04/2020,20.719999,20.889999,19.200001,19.870001,19.870001,544797
16/04/2020,20.15,20.530001,19.42,19.870001,19.870001,350942
17/04/2020,20,20.219999,17.309999,18.27,18.27,240628
20/04/2020,17.73,17.85,-40.32,-37.630001,-37.630001,247947
21/04/2020,-14,13.86,-16.74,10.01,10.01,2288230
22/04/2020,13.12,16.18,10.26,13.78,13.78,1235218
23/04/2020,14.2,18.26,13.35,16.5,16.5,833584
24/04/2020,16.780001,17.969999,15.64,16.940001,16.940001,600220
27/04/2020,16.84,16.98,11.88,12.78,12.78,623201
28/04/2020,12.96,13.69,10.07,12.34,12.34,897087
29/04/2020,13.35,16.780001,12.67,15.06,15.06,554134
30/04/2020,15.64,19.440001,15.45,18.84,18.84,545344
01/05/2020,19.040001,20.48,18.07,19.780001,19.780001,403201
04/05/2020,19.110001,21.42,18.049999,20.389999,20.389999,311488
05/05/2020,21.24,25.49,21.129999,24.559999,24.559999,387240
06/05/2020,25.52,26.08,22.58,23.99,23.99,381165
07/05/2020,24.09,26.74,22.940001,23.549999,23.549999,310261
08/05/2020,23.35,24.99,23.26,24.74,24.74,205181
11/05/2020,24.49,25.58,23.67,24.139999,24.139999,179591
12/05/2020,24.49,26.23,24.219999,25.780001,25.780001,212335
13/05/2020,25.299999,26.450001,24.790001,25.290001,25.290001,150864
14/05/2020,25.559999,27.959999,25.18,27.559999,27.559999,160507
15/05/2020,27.639999,29.92,27.24,29.43,29.43,108016
18/05/2020,29.530001,33.32,29.530001,31.82,31.82,89376
19/05/2020,32.830002,33.439999,31.34,32.5,32.5,430823
20/05/2020,31.889999,33.779999,31.559999,33.490002,33.490002,406431
21/05/2020,33.529999,34.66,33.259998,33.919998,33.919998,372814
22/05/2020,33.950001,34,30.719999,33.25,33.25,429036
26/05/2020,33.299999,34.810001,32.48,34.349998,34.349998,466737
27/05/2020,34.139999,34.32,31.75,32.810001,32.810001,415246
28/05/2020,32.099998,34.209999,31.139999,33.709999,33.709999,440168
29/05/2020,33.68,35.77,32.360001,35.490002,35.490002,443647
01/06/2020,35.209999,35.900002,34.27,35.439999,35.439999,385710
02/06/2020,35.560001,37.060001,35.279999,36.810001,36.810001,343483
03/06/2020,36.860001,38.18,35.880001,37.290001,37.290001,494253
04/06/2020,36.759998,37.619999,36.380001,37.41,37.41,307612
05/06/2020,37.330002,39.68,37.049999,39.549999,39.549999,396856
08/06/2020,39.41,40.439999,37.959999,38.189999,38.189999,416639
09/06/2020,38.220001,39.099998,37.07,38.939999,38.939999,396033
10/06/2020,38.5,39.91,37.73,39.599998,39.599998,385868
11/06/2020,39.09,39.09,35.41,36.34,36.34,513912
12/06/2020,36.259998,36.990002,34.48,36.259998,36.259998,406508
15/06/2020,36.029999,37.259998,34.360001,37.119999,37.119999,387546
16/06/2020,37.049999,39.060001,36.380001,38.380001,38.380001,366323
17/06/2020,37.93,38.75,37.209999,37.959999,37.959999,239516
18/06/2020,37.740002,38.970001,37.110001,38.84,38.84,113384
19/06/2020,38.849998,40.490002,38.400002,39.75,39.75,64113
22/06/2020,39.18,40.700001,39.119999,40.459999,40.459999,315264
23/06/2020,40.68,41.630001,39.759998,40.369999,40.369999,368730
24/06/2020,39.990002,40.540001,37.310001,38.009998,38.009998,499490
25/06/2020,38.049999,39.23,37.080002,38.720001,38.720001,451640
26/06/2020,39.09,39.349998,37.790001,38.490002,38.490002,356712
29/06/2020,37.959999,39.889999,37.5,39.700001,39.700001,343913
30/06/2020,39.639999,40.080002,38.849998,39.27,39.27,370059
01/07/2020,39.84,40.580002,39.049999,39.82,39.82,407170
02/07/2020,39.779999,40.740002,39.459999,40.650002,40.650002,347096
06/07/2020,40.380001,41.080002,39.84,40.630001,40.630001,373236
07/07/2020,40.68,40.950001,39.900002,40.619999,40.619999,256596
08/07/2020,40.48,41.080002,40.299999,40.900002,40.900002,286740
09/07/2020,40.869999,40.990002,39.27,39.619999,39.619999,367386
10/07/2020,39.580002,40.77,38.540001,40.549999,40.549999,393149
13/07/2020,40.349998,40.720001,39.470001,40.099998,40.099998,370715
14/07/2020,39.599998,40.57,39.07,40.290001,40.290001,426971
15/07/2020,40.549999,41.259998,40.080002,41.200001,41.200001,352542
16/07/2020,40.970001,41.18,40.52,40.75,40.75,200101
17/07/2020,40.720001,40.900002,40.02,40.59,40.59,88220
20/07/2020,40.639999,40.91,39.830002,40.810001,40.810001,60179
21/07/2020,40.650002,42.400002,40.639999,41.959999,41.959999,389117
22/07/2020,41.540001,42.029999,41.139999,41.900002,41.900002,333647
23/07/2020,41.950001,42.360001,40.830002,41.07,41.07,389412
24/07/2020,41.060001,41.669998,40.66,41.290001,41.290001,353159
27/07/2020,41.259998,41.82,40.48,41.599998,41.599998,377714
28/07/2020,41.650002,41.93,40.849998,41.040001,41.040001,276804
29/07/2020,41.130001,41.57,40.93,41.27,41.27,295855
30/07/2020,41.32,41.389999,38.720001,39.919998,39.919998,487325
31/07/2020,40.34,40.549999,39.66,40.27,40.27,318788
03/08/2020,40.389999,41.240002,39.580002,41.009998,41.009998,338326
04/08/2020,40.779999,42.080002,40.139999,41.700001,41.700001,451575
05/08/2020,41.560001,43.52,41.470001,42.189999,42.189999,491268
06/08/2020,42.189999,42.650002,41.610001,41.950001,41.950001,359610
07/08/2020,41.970001,42.220001,41.060001,41.220001,41.220001,398997
10/08/2020,41.5,42.330002,41.169998,41.939999,41.939999,367796
11/08/2020,41.98,42.939999,41.48,41.610001,41.610001,432843
12/08/2020,41.619999,42.900002,41.529999,42.669998,42.669998,397831
13/08/2020,42.57,42.84,42.09,42.240002,42.240002,329507
14/08/2020,42.330002,42.57,41.619999,42.009998,42.009998,310866
17/08/2020,42.240002,42.970001,41.799999,42.889999,42.889999,208429
18/08/2020,42.790001,42.990002,42.110001,42.889999,42.889999,111628
19/08/2020,42.599998,43.029999,42.360001,42.93,42.93,81299
20/08/2020,42.740002,42.790001,41.5,42.580002,42.580002,377070
21/08/2020,42.75,42.959999,41.459999,42.34,42.34,345368
24/08/2020,42.48,42.889999,42.23,42.619999,42.619999,294731
25/08/2020,42.360001,43.57,42.310001,43.349998,43.349998,330800
26/08/2020,43.389999,43.779999,43,43.389999,43.389999,262243
27/08/2020,43.450001,43.5,42.360001,43.040001,43.040001,320968
28/08/2020,42.98,43.419998,42.689999,42.970001,42.970001,272800
31/08/2020,42.91,43.57,42.560001,42.610001,42.610001,236877
01/09/2020,42.830002,43.43,42.720001,42.759998,42.759998,285146
02/09/2020,43.02,43.209999,41.23,41.509998,41.509998,421771
03/09/2020,41.630001,41.790001,40.220001,41.369999,41.369999,417634
04/09/2020,41.25,41.869999,39.349998,39.77,39.77,444184
08/09/2020,39.48,39.59,36.130001,36.759998,36.759998,720975
09/09/2020,36.790001,38.450001,36.16,38.049999,38.049999,455356
10/09/2020,37.799999,38.18,36.93,37.299999,37.299999,367555
11/09/2020,37.009998,37.82,36.669998,37.330002,37.330002,363787
14/09/2020,37.32,37.68,36.82,37.259998,37.259998,347563
15/09/2020,37.279999,38.57,37.060001,38.279999,38.279999,348861
16/09/2020,38.349998,40.34,38.349998,40.16,40.16,367612
17/09/2020,40.189999,41.220001,39.419998,40.970001,40.970001,280669
18/09/2020,40.970001,41.490002,40.299999,41.110001,41.110001,85906
21/09/2020,40.98,41.27,38.66,39.310001,39.310001,66195
22/09/2020,39.630001,40.02,39,39.599998,39.599998,287807
23/09/2020,39.759998,40.75,39.259998,39.93,39.93,318754
24/09/2020,39.599998,40.369999,39.119999,40.310001,40.310001,269992
25/09/2020,40.150002,40.639999,39.709999,40.25,40.25,229025
28/09/2020,40.07,40.799999,39.779999,40.599998,40.599998,226425
29/09/2020,40.580002,40.700001,38.41,39.290001,39.290001,379599
30/09/2020,39.16,40.369999,38.68,40.220001,40.220001,340294
01/10/2020,39.900002,40.470001,37.610001,38.720001,38.720001,443442
02/10/2020,38.599998,38.650002,36.630001,37.049999,37.049999,391428
05/10/2020,37,39.720001,37,39.220001,39.220001,378579
06/10/2020,39.349998,40.860001,39.099998,40.669998,40.669998,400531
07/10/2020,39.830002,40.349998,39.279999,39.950001,39.950001,433065
08/10/2020,39.990002,41.330002,39.759998,41.189999,41.189999,409787
09/10/2020,41.310001,41.470001,40.380001,40.599998,40.599998,331703
12/10/2020,40.400002,40.450001,39.040001,39.43,39.43,322035
13/10/2020,39.529999,40.529999,39.349998,40.200001,40.200001,375470
14/10/2020,40.189999,41.16,39.82,41.040001,41.040001,328295
15/10/2020,41.130001,41.290001,39.220001,40.959999,40.959999,248251
16/10/2020,40.880001,41.049999,40.080002,40.880001,40.880001,96488
19/10/2020,40.689999,41.220001,40.540001,40.830002,40.830002,75335
20/10/2020,40.650002,41.700001,40.25,41.459999,41.459999,360574
21/10/2020,41.220001,41.59,39.779999,40.029999,40.029999,366899
22/10/2020,40.040001,41.02,39.709999,40.639999,40.639999,307494
23/10/2020,40.610001,40.919998,39.57,39.849998,39.849998,268931
26/10/2020,39.689999,39.740002,38.279999,38.560001,38.560001,360184
27/10/2020,38.59,39.830002,38.509998,39.57,39.57,339535
28/10/2020,38.970001,39.009998,36.970001,37.389999,37.389999,489954
29/10/2020,37.389999,37.759998,34.919998,36.169998,36.169998,568816
30/10/2020,36.07,36.599998,35.209999,35.790001,35.790001,388971
02/11/2020,35.240002,37.150002,33.639999,36.810001,36.810001,489204
03/11/2020,37.029999,38.32,36.57,37.66,37.66,410611
04/11/2020,38.150002,39.25,37.259998,39.150002,39.150002,437000
05/11/2020,39.169998,39.349998,38.27,38.790001,38.790001,298366
06/11/2020,38.540001,38.610001,37.060001,37.139999,37.139999,411026
09/11/2020,37.34,41.330002,37.16,40.290001,40.290001,622921
10/11/2020,39.91,41.84,39.41,41.360001,41.360001,457045
11/11/2020,41.790001,43.060001,41.32,41.450001,41.450001,443772
12/11/2020,41.470001,42.189999,40.869999,41.119999,41.119999,401031
13/11/2020,40.939999,40.939999,40.060001,40.130001,40.130001,338187
16/11/2020,40.169998,42.09,40.150002,41.34,41.34,378785
17/11/2020,41.439999,41.689999,40.57,41.43,41.43,243677
18/11/2020,41.349998,42.459999,41.080002,41.82,41.82,107013
19/11/2020,41.610001,41.98,41.080002,41.740002,41.740002,88144
20/11/2020,41.700001,42.32,41.509998,42.150002,42.150002,276340
23/11/2020,42.459999,43.360001,42.290001,43.060001,43.060001,300717
24/11/2020,42.84,45.200001,42.82,44.91,44.91,418527
25/11/2020,44.82,46.259998,44.73,45.709999,45.709999,417182
27/11/2020,45.900002,46.09,44.549999,45.529999,45.529999,365128
30/11/2020,45.34,45.799999,44.419998,45.34,45.34,370755
01/12/2020,45.080002,45.700001,44.119999,44.549999,44.549999,314919
02/12/2020,44.380001,45.919998,43.919998,45.279999,45.279999,368854
03/12/2020,44.990002,45.84,44.66,45.639999,45.639999,350768
04/12/2020,45.639999,46.68,45.610001,46.259998,46.259998,335453
07/12/2020,46.150002,46.540001,45.360001,45.759998,45.759998,348871
08/12/2020,45.66,45.93,45.139999,45.599998,45.599998,332641
09/12/2020,45.599998,46.240002,44.950001,45.52,45.52,434976
10/12/2020,45.689999,47.740002,45.52,46.779999,46.779999,447529
11/12/2020,46.970001,47.290001,46.34,46.57,46.57,367305
14/12/2020,46.73,47.439999,45.689999,46.990002,46.990002,403543
15/12/2020,46.990002,47.73,46.540001,47.619999,47.619999,311169
16/12/2020,47.599998,47.939999,47.169998,47.82,47.82,275331
17/12/2020,47.849998,48.59,47.810001,48.360001,48.360001,96536
18/12/2020,48.43,49.279999,48.099998,49.099998,49.099998,83711
21/12/2020,48.540001,48.610001,46.18,47.740002,47.740002,478098
22/12/2020,47.93,47.959999,46.599998,47.02,47.02,295737
23/12/2020,46.790001,48.5,46.16,48.119999,48.119999,344306
24/12/2020,48.09,48.619999,47.560001,48.23,48.23,167390
28/12/2020,48.23,48.959999,47.5,47.619999,47.619999,238462
29/12/2020,47.720001,48.349998,47.68,48,48,213778
30/12/2020,48.130001,48.66,47.610001,48.400002,48.400002,266957
31/12/2020,48.349998,48.580002,47.77,48.52,48.52,181894
04/01/2021,48.400002,49.830002,47.18,47.619999,47.619999,528525
05/01/2021,47.380001,50.200001,47.240002,49.93,49.93,643191
06/01/2021,49.82,50.939999,49.48,50.630001,50.630001,509365
07/01/2021,50.529999,51.279999,50.389999,50.830002,50.830002,369292
08/01/2021,50.93,52.75,50.810001,52.240002,52.240002,499416
11/01/2021,52.580002,52.700001,51.5,52.25,52.25,394822
12/01/2021,52.18,53.450001,52.07,53.209999,53.209999,400200
13/01/2021,53.310001,53.93,52.580002,52.91,52.91,429898
14/01/2021,52.84,53.75,52.240002,53.57,53.57,390087
15/01/2021,53.799999,53.830002,51.830002,52.360001,52.360001,165668
19/01/2021,52,53.130001,51.759998,52.98,52.98,125964
20/01/2021,53.130001,53.790001,53.049999,53.240002,53.240002,400301
21/01/2021,52.93,53.41,52.75,53.130001,53.130001,352397
22/01/2021,53.099998,53.16,51.439999,52.27,52.27,437484
25/01/2021,52.169998,52.950001,51.82,52.77,52.77,349076
26/01/2021,52.91,53.25,52.290001,52.610001,52.610001,314538
27/01/2021,52.759998,53.299999,51.849998,52.849998,52.849998,442376
28/01/2021,52.650002,53.580002,52.040001,52.34,52.34,411406
29/01/2021,52.150002,53.25,51.93,52.200001,52.200001,410914
01/02/2021,51.990002,53.740002,51.639999,53.549999,53.549999,416067
02/02/2021,53.48,55.259998,53.450001,54.759998,54.759998,463718
03/02/2021,55.049999,56.330002,54.810001,55.689999,55.689999,448693
04/02/2021,55.959999,56.580002,55.299999,56.23,56.23,381404
05/02/2021,56.459999,57.290001,56.43,56.849998,56.849998,400833
08/02/2021,57.060001,58.139999,57,57.970001,57.970001,399724
09/02/2021,58.110001,58.619999,57.27,58.360001,58.360001,514698
10/02/2021,58.450001,58.91,58.080002,58.68,58.68,457535
11/02/2021,58.400002,58.709999,57.84,58.240002,58.240002,380445
12/02/2021,57.939999,59.82,57.41,59.470001,59.470001,480822
16/02/2021,59.98,60.950001,59.330002,60.049999,60.049999,602332
17/02/2021,60.240002,61.73,59.43,61.139999,61.139999,335419
18/02/2021,61.68,62.259998,59.790001,60.52,60.52,132035
19/02/2021,60.200001,60.290001,58.59,59.240002,59.240002,102427
22/02/2021,58.880001,61.84,58.82,61.490002,61.490002,505773
23/02/2021,62.16,63,60.669998,61.669998,61.669998,570677
24/02/2021,61.290001,63.509998,60.970001,63.220001,63.220001,489933
25/02/2021,63.389999,63.810001,62.650002,63.529999,63.529999,510357
26/02/2021,63.459999,63.57,61.34,61.5,61.5,472723
01/03/2021,61.950001,62.919998,59.959999,60.639999,60.639999,456679
02/03/2021,60.23,61.209999,59.380001,59.75,59.75,464133
03/03/2021,59.549999,61.990002,59.240002,61.279999,61.279999,465311
04/03/2021,61.080002,64.860001,60.52,63.830002,63.830002,694628
05/03/2021,64.160004,66.419998,63.82,66.089996,66.089996,573168
08/03/2021,66.68,67.980003,64.57,65.050003,65.050003,533376
09/03/2021,64.730003,65.980003,63.630001,64.010002,64.010002,554564
10/03/2021,63.84,64.959999,63.130001,64.440002,64.440002,498488
11/03/2021,64.699997,66.209999,64.540001,66.019997,66.019997,441063
12/03/2021,65.959999,66.239998,65.410004,65.610001,65.610001,321714
15/03/2021,65.559998,66.400002,64.129997,65.389999,65.389999,378009
16/03/2021,65.330002,65.43,63.799999,64.800003,64.800003,317537
17/03/2021,64.75,65.339996,63.599998,64.599998,64.599998,254724
18/03/2021,64.419998,64.82,58.200001,60,60,143597
19/03/2021,59.560001,61.720001,58.939999,61.419998,61.419998,84171
22/03/2021,61.549999,61.900002,60.389999,61.549999,61.549999,404370
23/03/2021,61.279999,61.349998,57.25,57.759998,57.759998,712317
24/03/2021,57.400002,61.34,57.290001,61.18,61.18,566291
25/03/2021,60.799999,60.860001,57.439999,58.560001,58.560001,580105
26/03/2021,58.48,61.360001,58.32,60.970001,60.970001,471996
29/03/2021,60.93,61.77,59.41,61.560001,61.560001,449360
30/03/2021,61.959999,62.27,59.939999,60.549999,60.549999,388188
31/03/2021,60.450001,61.169998,58.849998,59.16,59.16,414162
01/04/2021,59.490002,61.75,58.860001,61.450001,61.450001,605567
05/04/2021,61.5,61.5,57.630001,58.650002,58.650002,438864
06/04/2021,58.799999,60.900002,58.619999,59.330002,59.330002,457348
07/04/2021,59.259998,60.040001,58.119999,59.77,59.77,475537
08/04/2021,59.52,59.93,58.82,59.599998,59.599998,419913
09/04/2021,59.759998,59.950001,59.099998,59.32,59.32,351436
12/04/2021,59.349998,60.77,58.73,59.700001,59.700001,410218
13/04/2021,59.639999,60.59,59.639999,60.18,60.18,349733
14/04/2021,60.439999,63.439999,60.380001,63.150002,63.150002,419813
15/04/2021,62.830002,63.57,62.529999,63.459999,63.459999,243370
16/04/2021,63.32,63.880001,62.830002,63.130001,63.130001,87795
19/04/2021,62.98,63.630001,62.630001,63.380001,63.380001,74384
20/04/2021,63.470001,64.25,61.5,62.439999,62.439999,476046
21/04/2021,62.389999,62.560001,60.860001,61.349998,61.349998,431486
22/04/2021,61.110001,61.869999,60.610001,61.43,61.43,344700
23/04/2021,61.650002,62.43,61.25,62.139999,62.139999,345407
26/04/2021,62.060001,62.310001,60.66,61.91,61.91,366865
27/04/2021,61.970001,63.299999,61.91,62.939999,62.939999,361536
28/04/2021,63.040001,64.529999,62.669998,63.860001,63.860001,387683
29/04/2021,63.700001,65.470001,63.650002,65.010002,65.010002,384489
30/04/2021,64.879997,64.949997,63.080002,63.580002,63.580002,400515
03/05/2021,63.639999,64.68,62.91,64.489998,64.489998,285969
04/05/2021,64.529999,66.190002,64.290001,65.690002,65.690002,370208
05/05/2021,66.449997,66.760002,64.919998,65.629997,65.629997,460066
06/05/2021,65.269997,65.980003,64.5,64.709999,64.709999,389214
07/05/2021,64.900002,65.239998,63.900002,64.900002,64.900002,431417
10/05/2021,65.57,65.75,63.950001,64.919998,64.919998,448337
11/05/2021,64.900002,65.5,63.68,65.279999,65.279999,514949
12/05/2021,65.459999,66.629997,64.970001,66.080002,66.080002,508519
13/05/2021,65.75,65.809998,63.09,63.82,63.82,547691
14/05/2021,63.830002,65.620003,63.330002,65.370003,65.370003,383749
17/05/2021,65.5,66.43,64.830002,66.269997,66.269997,268476
18/05/2021,66.330002,67.010002,64.110001,65.489998,65.489998,167348
19/05/2021,65.279999,65.349998,61.950001,63.360001,63.360001,101902
20/05/2021,63.389999,63.959999,61.889999,62.049999,62.049999,524168
21/05/2021,61.889999,64.07,61.560001,63.580002,63.580002,530831
24/05/2021,63.869999,66.139999,63.630001,66.050003,66.050003,466647
25/05/2021,66.019997,66.510002,65.410004,66.07,66.07,497394
26/05/2021,66.040001,66.43,65.25,66.209999,66.209999,376207
27/05/2021,66.160004,66.919998,65.470001,66.849998,66.849998,337542
28/05/2021,66.949997,67.519997,66.169998,66.32,66.32,390461
01/06/2021,66.68,68.870003,66.410004,67.720001,67.720001,570985
02/06/2021,67.989998,69,67.779999,68.830002,68.830002,332995
03/06/2021,68.760002,69.400002,68.190002,68.809998,68.809998,351367
04/06/2021,68.910004,69.760002,68.330002,69.620003,69.620003,326250
07/06/2021,69.519997,70,68.93,69.230003,69.230003,365621
08/06/2021,69.290001,70.269997,68.470001,70.050003,70.050003,441302
09/06/2021,70.010002,70.620003,69.459999,69.959999,69.959999,410820
10/06/2021,69.760002,70.650002,68.68,70.290001,70.290001,492464
11/06/2021,70.099998,71.239998,69.68,70.910004,70.910004,563575
14/06/2021,70.650002,71.779999,70.650002,70.879997,70.879997,319639
15/06/2021,71.160004,72.489998,70.809998,72.120003,72.120003,336035
16/06/2021,72.449997,72.989998,71.610001,72.150002,72.150002,426775
17/06/2021,71.650002,72.300003,69.769997,71.040001,71.040001,373780
18/06/2021,71.099998,72.169998,70.160004,71.639999,71.639999,139584
21/06/2021,71.519997,73.959999,71.150002,73.660004,73.660004,123662
22/06/2021,73.410004,73.949997,72.940002,73.059998,73.059998,498555
23/06/2021,72.910004,74.25,72.82,73.080002,73.080002,429207
24/06/2021,73.279999,73.610001,72.32,73.300003,73.300003,334833
25/06/2021,73.32,74.18,72.849998,74.050003,74.050003,364721
28/06/2021,73.989998,74.449997,72.620003,72.910004,72.910004,354701
29/06/2021,72.779999,73.809998,71.970001,72.980003,72.980003,321448
30/06/2021,73.470001,74.139999,72.82,73.470001,73.470001,383626
01/07/2021,73.5,76.220001,73.389999,75.230003,75.230003,615678
02/07/2021,75.019997,75.620003,74.410004,75.160004,75.160004,377531
06/07/2021,75.349998,76.980003,72.940002,73.370003,73.370003,714044
07/07/2021,73.849998,74.860001,71.07,72.199997,72.199997,607971
08/07/2021,72.169998,73.260002,70.760002,72.940002,72.940002,529690
09/07/2021,73.260002,74.760002,72.720001,74.559998,74.559998,422154
12/07/2021,74.739998,74.93,73.160004,74.099998,74.099998,397931
13/07/2021,74.18,75.519997,73.68,75.25,75.25,444078
14/07/2021,75.169998,75.440002,72.209999,73.129997,73.129997,528360
15/07/2021,72.959999,72.959999,71.400002,71.650002,71.650002,368679
16/07/2021,71.480003,72.300003,70.410004,71.809998,71.809998,133926
19/07/2021,71.489998,71.669998,65.629997,66.419998,66.419998,82565
20/07/2021,66.599998,67.650002,65.209999,67.419998,67.419998,561629
21/07/2021,66.449997,70.510002,66.440002,70.300003,70.300003,503030
22/07/2021,70.220001,72.029999,69.860001,71.910004,71.910004,435181
23/07/2021,71.709999,72.209999,71.389999,72.07,72.07,274778
26/07/2021,72.18,72.43,70.559998,71.910004,71.910004,395743
27/07/2021,72.220001,72.330002,71.080002,71.650002,71.650002,333123
28/07/2021,71.900002,72.599998,71.699997,72.389999,72.389999,318911
29/07/2021,72.400002,73.68,72.260002,73.620003,73.620003,294462
30/07/2021,73.410004,74.230003,72.93,73.949997,73.949997,303700
02/08/2021,73.910004,73.949997,70.550003,71.260002,71.260002,448200
03/08/2021,71.519997,71.959999,69.190002,70.559998,70.559998,509938
04/08/2021,70.32,70.809998,67.849998,68.150002,68.150002,582924
05/08/2021,68.059998,69.349998,67.610001,69.089996,69.089996,416331
06/08/2021,69.139999,70.18,67.800003,68.279999,68.279999,537136
09/08/2021,67.879997,67.900002,65.150002,66.480003,66.480003,598381
10/08/2021,66.849998,68.900002,66.559998,68.290001,68.290001,452126
11/08/2021,68.510002,69.449997,66.669998,69.25,69.25,513292
12/08/2021,69.360001,69.620003,68.459999,69.089996,69.089996,352465
13/08/2021,68.910004,69.220001,67.769997,68.440002,68.440002,272033
16/08/2021,68.129997,68.139999,65.730003,67.290001,67.290001,334844
17/08/2021,67.43,67.720001,66.330002,66.589996,66.589996,235303
18/08/2021,66.580002,67.480003,64.339996,65.459999,65.459999,121197
19/08/2021,64.580002,64.760002,62.630001,63.689999,63.689999,88237
20/08/2021,64.050003,64.099998,62.110001,62.32,62.32,365009
23/08/2021,61.959999,66,61.740002,65.639999,65.639999,397290
24/08/2021,65.540001,67.800003,65.410004,67.540001,67.540001,335888
25/08/2021,67.629997,68.540001,66.919998,68.360001,68.360001,353742
26/08/2021,68,68.309998,67.019997,67.419998,67.419998,344286
27/08/2021,67.75,69.050003,67.519997,68.739998,68.739998,326056
30/08/2021,69.300003,69.639999,67.669998,69.209999,69.209999,360797
31/08/2021,69.18,69.339996,68.160004,68.5,68.5,325853
01/09/2021,68.550003,69.239998,67.120003,68.589996,68.589996,399497
02/09/2021,68.290001,70.610001,67.839996,69.989998,69.989998,403314
03/09/2021,69.760002,70.529999,69.050003,69.290001,69.290001,313086
07/09/2021,69.110001,69.480003,67.639999,68.349998,68.349998,481704
08/09/2021,68.370003,69.75,68.309998,69.300003,69.300003,389325
09/09/2021,69.360001,69.889999,67.559998,68.139999,68.139999,556451
10/09/2021,67.970001,69.959999,67.68,69.720001,69.720001,411079
13/09/2021,69.739998,70.970001,69.510002,70.449997,70.449997,390939
14/09/2021,70.639999,71.220001,69.980003,70.459999,70.459999,414231
15/09/2021,70.760002,73.139999,70.650002,72.610001,72.610001,418665
16/09/2021,72.650002,72.989998,71.529999,72.610001,72.610001,298412
17/09/2021,72.620003,72.720001,71.209999,71.970001,71.970001,119933
20/09/2021,71.919998,72.080002,69.860001,70.290001,70.290001,75837
21/09/2021,70.589996,71.629997,69.669998,70.559998,70.559998,393403
22/09/2021,70.849998,72.300003,70.639999,72.230003,72.230003,381061
23/09/2021,71.970001,73.5,71.610001,73.300003,73.300003,403405
24/09/2021,73.239998,74.269997,72.809998,73.980003,73.980003,350382
27/09/2021,74.190002,75.75,74.160004,75.449997,75.449997,417829
28/09/2021,75.43,76.669998,74.239998,75.290001,75.290001,476143
29/09/2021,74.379997,75.790001,73.739998,74.830002,74.830002,424193
30/09/2021,74.779999,76.07,73.139999,75.029999,75.029999,583189
01/10/2021,75.120003,75.989998,74.230003,75.879997,75.879997,388996
04/10/2021,75.900002,78.379997,75.32,77.620003,77.620003,458006
05/10/2021,77.580002,79.480003,77.470001,78.93,78.93,449617
06/10/2021,79.040001,79.779999,76.830002,77.43,77.43,459055
07/10/2021,77,78.889999,74.959999,78.300003,78.300003,545008
08/10/2021,78.860001,80.110001,78.629997,79.349998,79.349998,662010
11/10/2021,79.589996,82.18,79.550003,80.519997,80.519997,653756
12/10/2021,80.5,81.620003,79.470001,80.639999,80.639999,598181
13/10/2021,80.580002,81.040001,79.419998,80.440002,80.440002,487220
14/10/2021,80.589996,81.68,80.379997,81.309998,81.309998,399813
15/10/2021,81.480003,82.660004,81.389999,82.279999,82.279999,277953
18/10/2021,82.599998,83.870003,81.839996,82.440002,82.440002,134098
19/10/2021,82.370003,83.739998,81.800003,82.959999,82.959999,82607
20/10/2021,83.339996,84.25,81.300003,83.870003,83.870003,530693
21/10/2021,83.580002,83.959999,80.790001,82.5,82.5,567503
22/10/2021,82.610001,84.220001,81.760002,83.760002,83.760002,465355
25/10/2021,83.980003,85.410004,83.389999,83.760002,83.760002,568725
26/10/2021,83.720001,84.879997,82.970001,84.650002,84.650002,467716
27/10/2021,84.389999,84.510002,82.010002,82.660004,82.660004,529952
28/10/2021,82.25,83.209999,80.580002,82.809998,82.809998,491585
29/10/2021,83.089996,83.739998,81.410004,83.57,83.57,507309
01/11/2021,83.360001,84.879997,82.739998,84.050003,84.050003,412309
02/11/2021,83.870003,84.410004,82.919998,83.910004,83.910004,429608
03/11/2021,83.07,83.080002,79.690002,80.860001,80.860001,546577
04/11/2021,80.18,83.419998,78.25,78.809998,78.809998,701119
05/11/2021,79.370003,81.800003,78.959999,81.269997,81.269997,531054
08/11/2021,81.129997,82.669998,81.050003,81.93,81.93,393953
09/11/2021,82.160004,84.629997,81.779999,84.150002,84.150002,504832
10/11/2021,84.529999,84.970001,80.809998,81.339996,81.339996,555215
11/11/2021,81.410004,82.330002,80.199997,81.589996,81.589996,475436
12/11/2021,81.209999,81.620003,79.779999,80.790001,80.790001,390304
15/11/2021,80.660004,81.199997,79.300003,80.879997,80.879997,343484
16/11/2021,80.93,81.809998,80.029999,80.760002,80.760002,325668
17/11/2021,80.540001,80.690002,77.690002,78.360001,78.360001,174471
18/11/2021,78.339996,79.360001,77.080002,79.010002,79.010002,83984
19/11/2021,78.760002,79.919998,75.370003,76.099998,76.099998,623448
22/11/2021,75.75,77.160004,74.760002,76.75,76.75,465768
23/11/2021,76.459999,78.860001,75.300003,78.5,78.5,506987
24/11/2021,78.480003,79.230003,77.980003,78.389999,78.389999,328848
26/11/2021,78.339996,78.650002,67.400002,68.150002,68.150002,844630
29/11/2021,69.230003,72.93,68.860001,69.949997,69.949997,675090
30/11/2021,70.040001,71.220001,64.43,66.18,66.18,722475
01/12/2021,67.010002,69.489998,64.839996,65.57,65.57,602447
02/12/2021,65.629997,67.489998,62.43,66.5,66.5,668293
03/12/2021,67.5,69.220001,65.599998,66.260002,66.260002,449974
06/12/2021,67.019997,70.150002,66.720001,69.489998,69.489998,401060
07/12/2021,69.720001,73.029999,69.519997,72.050003,72.050003,496528
08/12/2021,71.860001,73,70.910004,72.360001,72.360001,464846
09/12/2021,72.519997,73.339996,70.389999,70.940002,70.940002,393205
10/12/2021,70.68,72.330002,70.32,71.669998,71.669998,397883
13/12/2021,72.040001,73,70.709999,71.290001,71.290001,406604
14/12/2021,71.120003,72.029999,69.510002,70.730003,70.730003,359454
15/12/2021,70.349998,71.660004,69.389999,70.870003,70.870003,294337
16/12/2021,71.480003,72.989998,71.029999,72.379997,72.379997,142541
17/12/2021,71.919998,72.260002,69.889999,70.860001,70.860001,78125
20/12/2021,70.07,70.07,66.040001,68.230003,68.230003,492217
21/12/2021,69.209999,71.550003,68.559998,71.120003,71.120003,358779
22/12/2021,71.269997,73.160004,70.800003,72.760002,72.760002,306709
23/12/2021,73.029999,73.949997,72.269997,73.790001,73.790001,270223
27/12/2021,73.379997,76.089996,72.57,75.57,75.57,268490
28/12/2021,75.970001,76.919998,75.529999,75.980003,75.980003,249728
29/12/2021,76.040001,77.370003,75.360001,76.559998,76.559998,283557
30/12/2021,76.580002,77.440002,75.779999,76.989998,76.989998,231163
31/12/2021,76.660004,77.080002,74.949997,75.209999,75.209999,237118
03/01/2022,75.690002,76.459999,74.269997,76.080002,76.080002,317628
04/01/2022,76.019997,77.639999,75.699997,76.989998,76.989998,372848
05/01/2022,77.18,78.580002,76.510002,77.849998,77.849998,397898
06/01/2022,77.239998,80.239998,76.730003,79.459999,79.459999,476665
07/01/2022,79.620003,80.470001,78.519997,78.900002,78.900002,414434
10/01/2022,78.879997,79.449997,77.830002,78.230003,78.230003,389956
11/01/2022,78.419998,81.589996,78.360001,81.220001,81.220001,481815
12/01/2022,81.379997,83.099998,81.169998,82.639999,82.639999,420619
13/01/2022,82.82,82.940002,81.389999,82.120003,82.120003,364769
14/01/2022,81.730003,84.449997,81.580002,83.82,83.82,364442
18/01/2022,84.32,86.629997,83.5,85.43,85.43,163643
19/01/2022,86.610001,87.910004,85.769997,86.959999,86.959999,113153
20/01/2022,86.230003,87.82,86,86.900002,86.900002,532202
21/01/2022,84.57,85.559998,82.779999,85.139999,85.139999,509103
24/01/2022,84.910004,86.089996,81.900002,83.309998,83.309998,511695
25/01/2022,84.150002,85.709999,82.989998,85.599998,85.599998,507219
26/01/2022,85.260002,87.949997,85.010002,87.349998,87.349998,459642
27/01/2022,87.150002,88.540001,86.199997,86.610001,86.610001,427804
28/01/2022,87.5,88.839996,86.440002,86.82,86.82,436172
31/01/2022,87.449997,88.389999,86.339996,88.150002,88.150002,359080
01/02/2022,88.150002,88.870003,86.550003,88.199997,88.199997,376841
02/02/2022,88.349998,89.720001,87.099998,88.260002,88.260002,456863
03/02/2022,87.980003,90.449997,86.75,90.269997,90.269997,465771
04/02/2022,90.190002,93.169998,90.07,92.309998,92.309998,410926
07/02/2022,91.82,92.730003,90.730003,91.32,91.32,497754
08/02/2022,91.639999,91.68,88.510002,89.360001,89.360001,467386
09/02/2022,89.860001,90.580002,88.410004,89.660004,89.660004,445618
10/02/2022,90.010002,91.739998,89.029999,89.879997,89.879997,492091
11/02/2022,90,94.660004,89.190002,93.099998,93.099998,554423
14/02/2022,93.910004,95.82,92.089996,95.459999,95.459999,467071
15/02/2022,94.830002,95.169998,90.660004,92.07,92.07,442641
16/02/2022,92.209999,95.010002,90,93.660004,93.660004,401453
17/02/2022,90.900002,93.360001,90.620003,91.760002,91.760002,212552
18/02/2022,91.629997,92.660004,89.029999,91.07,91.07,150382
22/02/2022,91.75,96,90.349998,92.349998,92.349998,789041
23/02/2022,91.739998,93.900002,90.639999,92.099998,92.099998,440574
24/02/2022,92.519997,100.540001,91.449997,92.809998,92.809998,872244
25/02/2022,93.32,95.639999,90.059998,91.589996,91.589996,523793
28/02/2022,94.989998,99.099998,94.43,95.720001,95.720001,490796
01/03/2022,96.089996,106.779999,95.32,103.410004,103.410004,698814
02/03/2022,107.120003,112.510002,105.18,110.599998,110.599998,651853
03/03/2022,111.330002,116.57,106.43,107.669998,107.669998,592031
04/03/2022,107.959999,116.019997,107.25,115.68,115.68,493875
07/03/2022,121.330002,130.5,115.540001,119.400002,119.400002,576022
08/03/2022,120.669998,129.440002,117.07,123.699997,123.699997,583106
09/03/2022,124.660004,126.839996,103.629997,108.699997,108.699997,594773
10/03/2022,110.410004,114.879997,105.529999,106.019997,106.019997,437924
11/03/2022,105.989998,110.290001,104.480003,109.330002,109.330002,368194
14/03/2022,109.419998,109.720001,99.760002,103.010002,103.010002,344184
15/03/2022,102.279999,102.580002,93.529999,96.440002,96.440002,401690
16/03/2022,95.230003,99.220001,94.07,95.040001,95.040001,293947
17/03/2022,95.339996,104.239998,94.849998,102.980003,102.980003,210763
18/03/2022,103.620003,106.279999,102.300003,104.699997,104.699997,74247
21/03/2022,105.129997,112.690002,104.080002,112.120003,112.120003,77217
22/03/2022,112.900002,115.010002,109.300003,111.760002,111.760002,318629
23/03/2022,108.849998,115.400002,108.379997,114.93,114.93,289182
24/03/2022,114.470001,116.639999,110.610001,112.339996,112.339996,307238
25/03/2022,111.75,114.120003,108.68,113.900002,113.900002,320304
28/03/2022,112.919998,112.93,102.830002,105.959999,105.959999,372251
29/03/2022,103.470001,107.839996,98.440002,104.239998,104.239998,387200
30/03/2022,105.239998,108.75,104.550003,107.82,107.82,284544
31/03/2022,107.449997,107.800003,99.660004,100.279999,100.279999,450845
01/04/2022,101.230003,101.75,97.779999,99.269997,99.269997,324777
04/04/2022,98.949997,103.940002,98.050003,103.279999,103.279999,288131
05/04/2022,103.660004,105.589996,99.879997,101.959999,101.959999,280283
06/04/2022,101.239998,104.019997,95.730003,96.230003,96.230003,366036
07/04/2022,97.160004,98.82,93.809998,96.029999,96.029999,367318
08/04/2022,97.169998,98.760002,95.290001,98.260002,98.260002,310082
11/04/2022,98.400002,98.519997,92.93,94.290001,94.290001,315873
12/04/2022,95.169998,101.349998,94.839996,100.599998,100.599998,329037
13/04/2022,100.910004,104.470001,99.870003,104.25,104.25,312502
14/04/2022,104.199997,107.639999,102.120003,106.949997,106.949997,244952
18/04/2022,107.029999,109.809998,106,108.209999,108.209999,68489
19/04/2022,107.75,108.919998,102.099998,102.559998,102.559998,71792
20/04/2022,103.050003,104.160004,100.699997,102.75,102.75,299028
21/04/2022,102.5,105.419998,102.010002,103.790001,103.790001,280321
22/04/2022,104.07,104.220001,101.059998,102.07,102.07,246116
25/04/2022,101.379997,101.550003,95.279999,98.540001,98.540001,328153
26/04/2022,98.639999,102.779999,97.059998,101.699997,101.699997,351850
27/04/2022,101.760002,102.989998,99.800003,102.019997,102.019997,278781
28/04/2022,102.110001,105.68,100.129997,105.360001,105.360001,312064
29/04/2022,105.169998,107.989998,103.779999,104.690002,104.690002,294386
02/05/2022,104,105.940002,100.279999,105.169998,105.169998,261878
03/05/2022,105.080002,105.800003,102.099998,102.410004,102.410004,239266
04/05/2022,103.5,108.610001,102.949997,107.809998,107.809998,272909
05/05/2022,107.580002,111.370003,106.449997,108.260002,108.260002,286916
06/05/2022,108.699997,111.18,107.239998,109.769997,109.769997,294278
09/05/2022,110.43,110.489998,102.129997,103.089996,103.089996,368183
10/05/2022,102.650002,104.160004,98.860001,99.760002,99.760002,389750
11/05/2022,99,106.440002,98.199997,105.709999,105.709999,382701
12/05/2022,105.629997,107.370003,102.660004,106.129997,106.129997,323547
13/05/2022,106.650002,110.639999,106.290001,110.489998,110.489998,240989
16/05/2022,110.980003,114.900002,108.110001,114.199997,114.199997,289127
17/05/2022,113.870003,115.559998,111.75,112.400002,112.400002,252630
18/05/2022,113.660004,115.419998,108.459999,109.589996,109.589996,103669
19/05/2022,109.089996,112.620003,105.129997,112.209999,112.209999,68511
20/05/2022,111.449997,114.040001,110.849998,113.230003,113.230003,229930
23/05/2022,110.559998,111.959999,109.150002,110.290001,110.290001,215623
24/05/2022,110.410004,111.43,108.610001,109.769997,109.769997,224794
25/05/2022,110.389999,111.68,109.230003,110.330002,110.330002,191370
26/05/2022,110.690002,114.830002,110.269997,114.089996,114.089996,234752
27/05/2022,114.199997,115.300003,112.849998,115.07,115.07,217281
31/05/2022,114.959999,119.980003,114.150002,114.669998,114.669998,440796
01/06/2022,115.400002,117.870003,114.580002,115.260002,115.260002,290530
02/06/2022,114.800003,117.769997,111.199997,116.870003,116.870003,327600
03/06/2022,117.550003,120.459999,115.230003,118.870003,118.870003,240831
06/06/2022,120.82,120.989998,117.629997,118.5,118.5,246825
07/06/2022,119.099998,120.360001,117.139999,119.410004,119.410004,341694
08/06/2022,119.790001,123.18,119.300003,122.110001,122.110001,340591
09/06/2022,122.43,122.720001,120.790001,121.510002,121.510002,293295
10/06/2022,121.459999,122.75,118.330002,120.669998,120.669998,352906
13/06/2022,120.190002,122.25,117.470001,120.93,120.93,372403
14/06/2022,121.089996,123.68,116.620003,118.93,118.93,366320
15/06/2022,119.07,119.610001,114.599998,115.309998,115.309998,301750
16/06/2022,115.980003,118.080002,112.309998,117.589996,117.589996,162543
17/06/2022,117.080002,118.970001,108.25,109.559998,109.559998,103149
21/06/2022,110.580002,112.470001,108.720001,110.650002,110.650002,427262
22/06/2022,109.540001,109.760002,101.529999,106.190002,106.190002,432724
23/06/2022,104.419998,107.050003,102.32,104.269997,104.269997,346362
24/06/2022,103.989998,108.580002,103.639999,107.620003,107.620003,321591
27/06/2022,107.220001,110.540001,105.599998,109.57,109.57,282914
28/06/2022,110.18,112.220001,109.620003,111.760002,111.760002,306748
29/06/2022,111.860001,114.050003,109.220001,109.779999,109.779999,322060
30/06/2022,109.699997,110.449997,105.099998,105.760002,105.760002,362890
01/07/2022,106.010002,109.339996,104.559998,108.43,108.43,305338
05/07/2022,108.800003,111.449997,97.43,99.5,99.5,594215
06/07/2022,100.360001,102.139999,95.099998,98.529999,98.529999,444106
07/07/2022,98.220001,104.480003,96.57,102.730003,102.730003,379861
08/07/2022,102.220001,105.239998,101.510002,104.790001,104.790001,327461
11/07/2022,104.790001,105.050003,100.889999,104.089996,104.089996,348566
12/07/2022,103.459999,103.489998,95.349998,95.839996,95.839996,398552
13/07/2022,95.889999,97.959999,93.669998,96.300003,96.300003,347193
14/07/2022,96.57,97,90.559998,95.779999,95.779999,387528
15/07/2022,96.389999,99.029999,94.57,97.589996,97.589996,240766
18/07/2022,97.269997,102.800003,95.849998,102.599998,102.599998,84669
19/07/2022,102,104.459999,99.849998,104.220001,104.220001,63149
20/07/2022,103.599998,104.389999,101.510002,102.260002,102.260002,315620
21/07/2022,99.910004,99.989998,94.589996,96.349998,96.349998,318911
22/07/2022,96.510002,97.949997,94.230003,94.699997,94.699997,307568
25/07/2022,95.099998,96.940002,93.010002,96.699997,96.699997,278998
26/07/2022,96.330002,99,94.760002,94.980003,94.980003,310043
27/07/2022,95.599998,98.589996,94.300003,97.260002,97.260002,321903
28/07/2022,98.169998,99.839996,96.040001,96.419998,96.419998,318403
29/07/2022,97.300003,101.879997,96.410004,98.620003,98.620003,349374
01/08/2022,98.459999,98.650002,92.419998,93.889999,93.889999,365293
02/08/2022,93.75,96.470001,92.589996,94.419998,94.419998,328538
03/08/2022,93.830002,96.57,90.379997,90.660004,90.660004,395099
04/08/2022,90.949997,91.900002,87.550003,88.540001,88.540001,334931
05/08/2022,88.059998,90.760002,87.010002,89.010002,89.010002,350016
08/08/2022,88.459999,90.889999,87.220001,90.760002,90.760002,340157
09/08/2022,90.690002,92.650002,89.050003,90.5,90.5,347045
10/08/2022,90.510002,92.43,87.660004,91.93,91.93,383766
11/08/2022,91.550003,95.050003,91.239998,94.339996,94.339996,341234
12/08/2022,94.089996,94.809998,91.160004,92.089996,92.089996,264953
15/08/2022,91.940002,92.099998,86.82,89.410004,89.410004,275443
16/08/2022,87.93,90.650002,85.730003,86.529999,86.529999,305366
17/08/2022,87.099998,89.160004,85.879997,88.110001,88.110001,230346
18/08/2022,87.389999,91.459999,87.32,90.5,90.5,80029
19/08/2022,90.389999,92.089996,88.379997,90.769997,90.769997,58714
22/08/2022,89.650002,91.260002,86.599998,90.230003,90.230003,352665
23/08/2022,90.550003,94.220001,90.419998,93.739998,93.739998,285607
24/08/2022,93.779999,95.400002,92.790001,94.889999,94.889999,320388
25/08/2022,95.349998,95.760002,92.290001,92.519997,92.519997,279877
26/08/2022,93.059998,94.019997,91.080002,93.059998,93.059998,288392
29/08/2022,92.959999,97.370003,92.290001,97.010002,97.010002,283463
30/08/2022,96.900002,97.660004,90.540001,91.639999,91.639999,386272
31/08/2022,92.309998,92.730003,88.269997,89.550003,89.550003,344147
01/09/2022,88.830002,89.629997,85.980003,86.610001,86.610001,305106
02/09/2022,86.559998,89.660004,86.349998,86.870003,86.870003,277533
06/09/2022,86.839996,90.389999,86.18,86.879997,86.879997,420255
07/09/2022,86.93,87.760002,81.5,81.940002,81.940002,380781
08/09/2022,81.910004,84.25,81.199997,83.540001,83.540001,342763
09/09/2022,82.800003,87.199997,82.709999,86.790001,86.790001,305188
12/09/2022,86.25,89.099998,85.160004,87.779999,87.779999,275104
13/09/2022,88.089996,89.309998,85.059998,87.309998,87.309998,347998
14/09/2022,87.940002,90.190002,86.18,88.480003,88.480003,335381
15/09/2022,88.910004,89.150002,84.529999,85.099998,85.099998,235358
16/09/2022,85.160004,86.589996,84.269997,85.110001,85.110001,87829
19/09/2022,85.209999,86.220001,82.099998,85.730003,85.730003,59626
20/09/2022,85.610001,86.449997,83.519997,84.449997,84.449997,279813
21/09/2022,84.25,86.68,82.489998,82.940002,82.940002,339683
22/09/2022,83.07,86,82.400002,83.489998,83.489998,303492
23/09/2022,83.540001,83.919998,78.040001,78.739998,78.739998,334271
26/09/2022,79.230003,80.309998,76.25,76.709999,76.709999,280927
27/09/2022,76.470001,79.510002,76.419998,78.5,78.5,283614
28/09/2022,78.080002,82.339996,76.550003,82.150002,82.150002,324678
29/09/2022,81.900002,82.940002,80.339996,81.230003,81.230003,286126
30/09/2022,81.739998,82.559998,79.139999,79.489998,79.489998,253154
03/10/2022,81.019997,84.559998,80.870003,83.629997,83.629997,287168
04/10/2022,83.220001,86.980003,83.220001,86.519997,86.519997,302549
05/10/2022,86.370003,88.419998,85.419998,87.760002,87.760002,329790
06/10/2022,88.080002,89.07,87.040001,88.449997,88.449997,235296
07/10/2022,88.93,93.309998,88,92.639999,92.639999,429162
10/10/2022,93.480003,93.639999,90.540001,91.129997,91.129997,289508
11/10/2022,91.139999,91.349998,87.910004,89.349998,89.349998,333158
12/10/2022,88.669998,90.07,86.279999,87.269997,87.269997,332271
13/10/2022,87.080002,89.660004,85.559998,89.110001,89.110001,298032
14/10/2022,89.269997,89.730003,85.199997,85.610001,85.610001,237026
17/10/2022,85.589996,87.120003,84.610001,85.459999,85.459999,172020
18/10/2022,85.699997,86.510002,82.089996,82.82,82.82,97304
19/10/2022,83.690002,86.199997,82.589996,85.550003,85.550003,71309
20/10/2022,85.940002,88.169998,85.220001,85.980003,85.980003,338344
21/10/2022,85.07,85.900002,83.150002,85.050003,85.050003,272803
24/10/2022,85.239998,85.919998,82.629997,84.580002,84.580002,250726
25/10/2022,84.879997,86.029999,83.059998,85.32,85.32,240441
26/10/2022,85.07,88.410004,84.139999,87.910004,87.910004,287182
27/10/2022,88.260002,89.790001,87.330002,89.080002,89.080002,292556
28/10/2022,88.669998,88.760002,87.080002,87.900002,87.900002,263404
31/10/2022,88.389999,88.650002,85.300003,86.529999,86.529999,285342
01/11/2022,86.43,89.449997,85.919998,88.370003,88.370003,274321
02/11/2022,88.620003,90.360001,87.720001,90,90,280961
03/11/2022,89.349998,89.669998,87.599998,88.169998,88.169998,239816
04/11/2022,87.900002,92.870003,87.82,92.610001,92.610001,354060
07/11/2022,91,93.739998,90.400002,91.790001,91.790001,322419
08/11/2022,91.870003,92.169998,88.519997,88.910004,88.910004,344223
09/11/2022,88.57,89.239998,85.5,85.830002,85.830002,388301
10/11/2022,85.849998,87.349998,84.699997,86.470001,86.470001,340007
11/11/2022,86.269997,90.099998,86.18,88.959999,88.959999,301664
14/11/2022,89.019997,89.839996,85.150002,85.870003,85.870003,315450
15/11/2022,85.25,88.68,84.059998,86.919998,86.919998,331709
16/11/2022,86.889999,87.510002,84.199997,85.589996,85.589996,225668
17/11/2022,85.220001,85.449997,81.400002,81.639999,81.639999,138476
18/11/2022,82.089996,82.639999,77.239998,80.080002,80.080002,96583
21/11/2022,80.300003,80.300003,75.080002,79.730003,79.730003,475104
22/11/2022,80.220001,82.360001,79.849998,80.949997,80.949997,269615
23/11/2022,81.080002,81.949997,76.830002,77.940002,77.940002,379145
25/11/2022,77.510002,79.900002,76.220001,76.279999,76.279999,266451
28/11/2022,75.93,77.839996,73.599998,77.239998,77.239998,405033
29/11/2022,76.540001,79.650002,76.290001,78.199997,78.199997,381869
30/11/2022,79,81.379997,78.400002,80.550003,80.550003,287534
01/12/2022,80.400002,83.339996,79.93,81.220001,81.220001,321432
02/12/2022,81.470001,82.220001,79.650002,79.980003,79.980003,280235
05/12/2022,79.989998,82.720001,76.769997,76.93,76.93,346657
06/12/2022,77.349998,77.879997,73.410004,74.25,74.25,380598
07/12/2022,74.550003,75.379997,71.75,72.010002,72.010002,392236
08/12/2022,72.379997,75.440002,71.120003,71.459999,71.459999,474459
09/12/2022,71.849998,72.919998,70.080002,71.019997,71.019997,356722
12/12/2022,71.790001,73.989998,70.25,73.169998,73.169998,323553
13/12/2022,73.290001,76.370003,73.209999,75.389999,75.389999,352858
14/12/2022,75.269997,77.75,74.900002,77.279999,77.279999,292488
15/12/2022,77.370003,77.769997,75.330002,76.110001,76.110001,224663
16/12/2022,76.370003,76.57,73.330002,74.290001,74.290001,99205
19/12/2022,74.5,76.410004,73.809998,75.190002,75.190002,69348
20/12/2022,75.699997,76.75,74.309998,76.089996,76.089996,254792
21/12/2022,75.989998,78.610001,75.800003,78.290001,78.290001,234624
22/12/2022,78.43,79.900002,77.029999,77.489998,77.489998,219142
23/12/2022,78.18,80.330002,77.980003,79.559998,79.559998,237711
27/12/2022,79.900002,81.18,79.160004,79.529999,79.529999,199601
28/12/2022,79.889999,79.919998,77.300003,78.959999,78.959999,207717
29/12/2022,78.82,78.82,76.790001,78.400002,78.400002,199858
30/12/2022,78.730003,80.669998,77.709999,80.260002,80.260002,205909
03/01/2023,80.57,81.5,76.599998,76.93,76.93,338520
04/01/2023,77.25,77.419998,72.730003,72.839996,72.839996,352434
05/01/2023,73.25,74.919998,72.459999,73.669998,73.669998,300731
06/01/2023,73.970001,75.470001,73.239998,73.769997,73.769997,258128
09/01/2023,73.470001,76.739998,73.470001,74.629997,74.629997,329290
10/01/2023,74.860001,75.919998,73.839996,75.120003,75.120003,307430
11/01/2023,74.779999,77.839996,74.309998,77.410004,77.410004,350891
12/01/2023,77.699997,79.160004,77.099998,78.389999,78.389999,307705
13/01/2023,78.32,80.110001,77.970001,79.860001,79.860001,283539
17/01/2023,80.099998,81.230003,78.529999,80.18,80.18,312275
18/01/2023,80.970001,82.379997,78.940002,79.480003,79.480003,92549
19/01/2023,79.139999,81.18,78.129997,80.330002,80.330002,58863
20/01/2023,80.599998,81.639999,79.690002,81.309998,81.309998,300145
23/01/2023,81.790001,82.639999,81.050003,81.620003,81.620003,297076
24/01/2023,81.620003,82.220001,79.660004,80.129997,80.129997,288207
25/01/2023,80.260002,81.230003,79.449997,80.150002,80.150002,297234
26/01/2023,80.480003,82.139999,79.919998,81.010002,81.010002,291060
27/01/2023,81.220001,82.480003,79.040001,79.68,79.68,367588
30/01/2023,80.040001,80.489998,77.660004,77.900002,77.900002,327426
31/01/2023,77.910004,79.25,76.550003,78.870003,78.870003,312734
01/02/2023,79.059998,79.730003,76.050003,76.410004,76.410004,360859
02/02/2023,76.790001,77.239998,74.970001,75.879997,75.879997,339755
03/02/2023,75.919998,78,73.099998,73.389999,73.389999,413414
06/02/2023,73.230003,74.510002,72.25,74.110001,74.110001,380028
07/02/2023,74.57,77.599998,74.349998,77.139999,77.139999,408279
08/02/2023,77.489998,78.57,77.080002,78.470001,78.470001,353468
09/02/2023,78.449997,78.839996,76.519997,78.059998,78.059998,324156
10/02/2023,77.68,80.330002,77.470001,79.720001,79.720001,356062
13/02/2023,79.940002,80.620003,78.449997,80.139999,80.139999,301299
14/02/2023,79.059998,79.610001,77.459999,79.059998,79.059998,299938
15/02/2023,78.830002,79.150002,77.25,78.589996,78.589996,264486
16/02/2023,78.540001,79.540001,77.919998,78.489998,78.489998,117600
17/02/2023,78.07,78.25,75.059998,76.339996,76.339996,93267
21/02/2023,76.529999,77.510002,75.690002,76.160004,76.160004,402351
22/02/2023,76.110001,76.550003,73.800003,73.949997,73.949997,332018
23/02/2023,73.919998,75.989998,73.830002,75.389999,75.389999,333838
24/02/2023,75.599998,76.629997,74.089996,76.32,76.32,329254
27/02/2023,76.419998,76.82,74.989998,75.68,75.68,266091
28/02/2023,75.760002,77.830002,75.550003,77.050003,77.050003,300093
01/03/2023,76.849998,77.849998,76.120003,77.690002,77.690002,342121
02/03/2023,77.739998,78.589996,77.230003,78.160004,78.160004,260331
03/03/2023,77.889999,79.900002,75.830002,79.68,79.68,374201
06/03/2023,79.919998,80.629997,78.32,80.459999,80.459999,292351
07/03/2023,80.5,80.940002,77.059998,77.580002,77.580002,398241
08/03/2023,77.32,77.730003,76.110001,76.660004,76.660004,335930
09/03/2023,76.5,78.059998,75.43,75.720001,75.720001,349960
10/03/2023,75.650002,77.110001,74.769997,76.68,76.68,371834
13/03/2023,76.599998,77.470001,72.300003,74.800003,74.800003,457423
14/03/2023,74.699997,74.900002,70.779999,71.330002,71.330002,432858
15/03/2023,71.559998,72.559998,65.650002,67.610001,67.610001,555164
16/03/2023,68.220001,69.379997,65.709999,68.349998,68.349998,327120
17/03/2023,68.260002,69.639999,65.169998,66.739998,66.739998,152255
20/03/2023,66.620003,67.699997,64.120003,67.639999,67.639999,76873
21/03/2023,67.620003,69.599998,66.769997,69.330002,69.330002,409495
22/03/2023,69.480003,71.309998,68.889999,70.900002,70.900002,337639
23/03/2023,69.949997,71.669998,69.139999,69.959999,69.959999,335241
24/03/2023,69.510002,70.379997,66.82,69.260002,69.260002,380852
27/03/2023,69.419998,73.099998,69.129997,72.809998,72.809998,353598
28/03/2023,72.860001,73.93,72.190002,73.199997,73.199997,328472
29/03/2023,73.610001,74.370003,72.760002,72.970001,72.970001,312669
30/03/2023,72.980003,74.629997,72.610001,74.370003,74.370003,269743
31/03/2023,74.370003,75.720001,73.769997,75.669998,75.669998,304361
03/04/2023,80.099998,81.690002,79,80.419998,80.419998,547126
04/04/2023,80.440002,81.809998,79.610001,80.709999,80.709999,343570
05/04/2023,81.010002,81.239998,79.720001,80.610001,80.610001,254974
06/04/2023,80.370003,80.959999,79.650002,80.699997,80.699997,0
10/04/2023,80.5,81.220001,79.610001,79.739998,79.739998,264906
11/04/2023,79.879997,81.589996,79.370003,81.529999,81.529999,309683
12/04/2023,81.440002,83.529999,81.279999,83.260002,83.260002,356133
13/04/2023,83.220001,83.440002,82.110001,82.160004,82.160004,261230
14/04/2023,82.400002,83.120003,81.760002,82.519997,82.519997,275129
17/04/2023,82.480003,82.709999,80.470001,80.830002,80.830002,217048
18/04/2023,81,81.480003,79.870003,80.860001,80.860001,96290
19/04/2023,80.919998,81.18,78.459999,79.160004,79.160004,78310
20/04/2023,78.870003,78.889999,76.970001,77.290001,77.290001,361413
21/04/2023,77.129997,78.389999,76.720001,77.870003,77.870003,291114
24/04/2023,77.970001,79.18,76.720001,78.760002,78.760002,306720
25/04/2023,78.739998,79.07,76.5,77.07,77.07,361646
26/04/2023,77.080002,77.93,74.050003,74.300003,74.300003,497778
27/04/2023,74.379997,75.279999,74.029999,74.760002,74.760002,345880
28/04/2023,74.910004,76.919998,73.93,76.779999,76.779999,328399
01/05/2023,76.660004,76.690002,74.529999,75.660004,75.660004,215017
02/05/2023,75.760002,76.110001,71.419998,71.660004,71.660004,417820
03/05/2023,71.559998,71.790001,67.949997,68.599998,68.599998,490523
04/05/2023,68.160004,69.839996,63.639999,68.559998,68.559998,412495
05/05/2023,68.699997,71.809998,68.480003,71.339996,71.339996,330585
08/05/2023,71.349998,73.690002,71.040001,73.160004,73.160004,290076
09/05/2023,72.839996,73.779999,71.339996,73.709999,73.709999,317493
10/05/2023,73.580002,73.889999,71.800003,72.559998,72.559998,351506
11/05/2023,72.769997,73.5,70.629997,70.870003,70.870003,365892
12/05/2023,71.419998,71.779999,69.93,70.040001,70.040001,275435
15/05/2023,70.040001,71.690002,69.410004,71.110001,71.110001,259013
16/05/2023,71.32,71.790001,70.449997,70.860001,70.860001,232328
17/05/2023,70.599998,73.260002,70.040001,72.830002,72.830002,273708
18/05/2023,72.75,72.870003,71.419998,71.860001,71.860001,80864
19/05/2023,71.940002,73.400002,71.029999,71.550003,71.550003,69949
22/05/2023,71.699997,72.360001,70.550003,71.989998,71.989998,263977
23/05/2023,72.099998,73.790001,71.709999,72.910004,72.910004,317586
24/05/2023,73.769997,74.730003,73.129997,74.339996,74.339996,386611
25/05/2023,74.209999,74.370003,70.980003,71.830002,71.830002,422637
26/05/2023,71.889999,73.050003,71.489998,72.669998,72.669998,261498
30/05/2023,73.230003,73.550003,69.019997,69.459999,69.459999,440862
31/05/2023,69.620003,69.690002,67.029999,68.089996,68.089996,444787
01/06/2023,67.599998,71.07,67.510002,70.099998,70.099998,395393
02/06/2023,70.209999,72.169998,70,71.739998,71.739998,322596
05/06/2023,75.029999,75.059998,71.730003,72.150002,72.150002,383943
06/06/2023,71.989998,72.330002,70.129997,71.739998,71.739998,314962
07/06/2023,71.559998,73.190002,71.010002,72.529999,72.529999,299127
08/06/2023,72.470001,73.279999,69.029999,71.290001,71.290001,485396
09/06/2023,70.940002,71.769997,70.099998,70.169998,70.169998,300724
12/06/2023,70.269997,70.330002,66.800003,67.120003,67.120003,404769
13/06/2023,67.309998,69.830002,67.150002,69.419998,69.419998,366354
14/06/2023,69.349998,70.489998,68.07,68.269997,68.269997,304449
15/06/2023,68.699997,70.959999,67.970001,70.620003,70.620003,115613
16/06/2023,70.550003,71.889999,69.949997,71.779999,71.779999,99185
20/06/2023,71.449997,72.089996,69.650002,70.5,70.5,430492
21/06/2023,70.900002,72.720001,70.800003,72.529999,72.529999,264656
22/06/2023,72.43,72.650002,68.93,69.510002,69.510002,421348
23/06/2023,69.529999,69.650002,67.349998,69.160004,69.160004,322475
26/06/2023,69.839996,70.110001,68.709999,69.370003,69.370003,280116
27/06/2023,69.489998,70.150002,67.5,67.699997,67.699997,384752
28/06/2023,68.010002,69.730003,67.050003,69.559998,69.559998,368295
29/06/2023,69.25,70.599998,68.93,69.860001,69.860001,292865
30/06/2023,69.82,71.040001,69.529999,70.639999,70.639999,299873
03/07/2023,70.449997,71.769997,69.690002,69.790001,69.790001,303479
05/07/2023,70.150002,72.169998,69.900002,71.790001,71.790001,456809
06/07/2023,71.800003,72.339996,70.220001,71.800003,71.800003,395381
07/07/2023,71.889999,73.919998,71.190002,73.860001,73.860001,362632
10/07/2023,73.860001,74.150002,72.669998,72.989998,72.989998,301014
11/07/2023,73.190002,74.959999,72.980003,74.830002,74.830002,326883
12/07/2023,74.830002,76.150002,74.669998,75.75,75.75,352887
13/07/2023,75.849998,77.330002,75.32,76.889999,76.889999,379728
14/07/2023,77.160004,77.300003,75.110001,75.419998,75.419998,299576
17/07/2023,75.019997,76.089996,73.839996,74.150002,74.150002,244785
18/07/2023,74.18,75.959999,73.879997,75.75,75.75,125092
19/07/2023,75.839996,76.970001,75.07,75.349998,75.349998,92920
20/07/2023,75.349998,76.150002,74.720001,75.629997,75.629997,340962
21/07/2023,75.699997,77.290001,75.690002,77.07,77.07,308106
24/07/2023,77.010002,79.279999,76.440002,78.739998,78.739998,368285
25/07/2023,78.849998,79.900002,78.290001,79.629997,79.629997,349600
26/07/2023,79.339996,79.769997,78.550003,78.779999,78.779999,322031
27/07/2023,78.900002,80.599998,78.870003,80.089996,80.089996,374358
28/07/2023,79.839996,80.709999,79.07,80.580002,80.580002,299547
31/07/2023,80.650002,82,80.129997,81.800003,81.800003,297270
01/08/2023,81.730003,82.220001,80.589996,81.370003,81.370003,307859
02/08/2023,82.050003,82.43,79.050003,79.489998,79.489998,414825
03/08/2023,79.769997,81.860001,78.690002,81.550003,81.550003,402641
04/08/2023,81.730003,83.239998,81.510002,82.82,82.82,320873
07/08/2023,82.82,83.300003,81.519997,81.940002,81.940002,293036
08/08/2023,82.529999,83.080002,79.900002,82.919998,82.919998,424545
09/08/2023,82.879997,84.650002,82.669998,84.400002,84.400002,478140
10/08/2023,84.25,84.889999,82.580002,82.82,82.82,362188
11/08/2023,82.830002,83.809998,82.230003,83.190002,83.190002,331254
14/08/2023,83.089996,83.199997,81.760002,82.510002,82.510002,277352
15/08/2023,82.519997,82.910004,80.400002,80.989998,80.989998,303207
16/08/2023,81.230003,81.43,79.050003,79.379997,79.379997,325403
17/08/2023,79.25,81.080002,78.949997,80.389999,80.389999,235581
18/08/2023,80.040001,81.610001,79.589996,81.25,81.25,128090
21/08/2023,81.43,82.470001,80.610001,80.720001,80.720001,115874
22/08/2023,80.800003,80.989998,80.099998,80.349998,80.349998,287489
23/08/2023,79.639999,79.910004,77.620003,78.889999,78.889999,378146
24/08/2023,78.57,79.279999,77.589996,79.050003,79.050003,349230
25/08/2023,78.879997,80.449997,78.139999,79.830002,79.830002,411409
28/08/2023,80.150002,80.870003,79.610001,80.099998,80.099998,246584
29/08/2023,79.980003,81.410004,79.339996,81.160004,81.160004,284168
30/08/2023,81.290001,82.050003,80.879997,81.629997,81.629997,299418
31/08/2023,81.699997,83.690002,81.480003,83.629997,83.629997,368848
01/09/2023,83.629997,86.059998,83.459999,85.550003,85.550003,420461
05/09/2023,86.059998,88.07,85.019997,86.690002,86.690002,452908
06/09/2023,86.720001,88.080002,85.93,87.540001,87.540001,307115
07/09/2023,87.540001,87.739998,86.389999,86.870003,86.870003,270736
08/09/2023,86.779999,87.949997,86.150002,87.510002,87.510002,294437
11/09/2023,87.400002,88.150002,86.709999,87.290001,87.290001,292388
12/09/2023,87.269997,89.370003,87.220001,88.839996,88.839996,341137
13/09/2023,88.75,89.639999,88.290001,88.519997,88.519997,345972
14/09/2023,88.809998,90.790001,88.68,90.160004,90.160004,325270
15/09/2023,90.669998,91.230003,89.220001,90.769997,90.769997,315003
18/09/2023,91.199997,92.43,90.75,91.480003,91.480003,119258
19/09/2023,92.220001,93.739998,91.07,91.199997,91.199997,94597
20/09/2023,91.550003,91.980003,89.870003,90.279999,90.279999,457854
21/09/2023,89.300003,90.980003,88.370003,89.629997,89.629997,351032
22/09/2023,89.620003,91.330002,89.309998,90.029999,90.029999,402087
25/09/2023,90.550003,90.830002,89.029999,89.68,89.68,328369
26/09/2023,89.879997,90.739998,88.190002,90.389999,90.389999,318016
27/09/2023,90.529999,94.169998,90.400002,93.68,93.68,504630
28/09/2023,93.779999,95.029999,91.389999,91.709999,91.709999,406709
29/09/2023,91.760002,93.099998,90.349998,90.790001,90.790001,355782
02/10/2023,90.82,91.879997,88.459999,88.82,88.82,334493
03/10/2023,88.669998,90.269997,87.760002,89.230003,89.230003,350659
04/10/2023,89.419998,89.589996,84.160004,84.220001,84.220001,459995
05/10/2023,84.449997,84.919998,82.150002,82.309998,82.309998,465997
06/10/2023,82.279999,83.279999,81.5,82.790001,82.790001,461139
09/10/2023,85.25,87.239998,84.669998,86.379997,86.379997,435037
10/10/2023,86.43,86.739998,85.120003,85.970001,85.970001,337654
11/10/2023,85.959999,86.510002,83.110001,83.489998,83.489998,425395
12/10/2023,83.199997,85.199997,82.309998,82.910004,82.910004,373492
13/10/2023,83.510002,87.830002,83.349998,87.690002,87.690002,356863
16/10/2023,87.720001,88.330002,86.32,86.660004,86.660004,235780
17/10/2023,87.059998,87.75,85.599998,86.660004,86.660004,197124
18/10/2023,87.809998,89.879997,87.199997,88.32,88.32,197124
